Gemeinde;Gemeindename;Wahlkreisnummer;Gebietsnummer;Gebietsart;Gebietsname;Bezirksnummer;Wahlberechtigte gesamt (A);Wahlberechtigte ohne Wahlschein (A1);Wahlberechtigte mit Wahlschein (A2);Wahlberechtigte nicht im WVZ (A3);Waehler gesamt (B);Waehler ohne Wahlschein;Waehler mit Wahlschein;Urnenwaehler mit Wahlschein in Urnenwahllokal;Briefwaehler mit Wahlschein in Urnenwahllokal;Direktstimmen ungueltige (C);Direktstimmen gueltige (D);D1;D2;D3;D4;D5;D6;D8;D9;D11;D12;D14;D15;D19;D20;D21;D22;D23;Listenstimmen ungueltige (E);Listenstimmen gueltige (F);F1;F2;F3;F4;F5;F6;F7;F8;F9;F10;F11;F12;F13;F14;F15;F16;F17;F18;F19;Column 57
120540000000;Potsdam, Stadt;61;1205400000001101;STIMMBEZIRK;Bornim 01;1101;1113;761;352;0;561;556;5;5;0;7;554;84;79;162;40;59;76;15;14;0;3;15;1;2;2;2;0;0;7;554;91;89;126;47;64;83;6;12;18;0;0;0;0;14;2;0;0;1;1;
120540000000;Potsdam, Stadt;61;1205400000001102;STIMMBEZIRK;Bornim 02;1102;1353;849;504;0;692;689;3;3;0;4;688;111;71;245;30;77;110;6;10;3;3;8;0;4;7;1;0;2;4;688;114;80;183;49;88;120;10;8;9;1;2;4;1;7;0;7;0;3;2;
120540000000;Potsdam, Stadt;61;1205400000001301;STIMMBEZIRK;Nedlitz, Bornstedt 01;1301;1082;632;450;0;498;493;5;5;0;4;494;63;30;114;53;51;144;13;4;0;3;7;3;5;1;1;0;2;3;495;66;37;87;52;64;136;17;12;1;0;0;0;0;7;1;3;4;2;6;
120540000000;Potsdam, Stadt;61;1205400000001302;STIMMBEZIRK;Bornstedt 02;1302;1136;697;439;0;551;549;2;2;0;6;545;53;57;189;58;65;84;9;7;0;2;9;2;4;5;1;0;0;7;544;55;60;160;67;64;87;16;4;8;1;0;2;0;7;2;3;2;1;5;
120540000000;Potsdam, Stadt;61;1205400000001303;STIMMBEZIRK;Bornstedt 03;1303;1150;686;464;0;585;579;6;6;0;2;583;95;47;175;31;42;155;4;4;0;2;17;1;2;5;2;0;1;4;581;105;51;138;43;50;154;5;3;4;0;0;4;0;20;0;3;0;0;1;
120540000000;Potsdam, Stadt;61;1205400000001304;STIMMBEZIRK;Bornstedt 04;1304;1246;717;529;0;576;573;3;3;0;3;573;102;45;191;27;50;122;10;5;1;0;15;1;2;0;2;0;0;4;572;101;55;145;43;72;117;8;5;4;0;1;0;0;14;0;1;2;0;4;
120540000000;Potsdam, Stadt;61;1205400000001306;STIMMBEZIRK;Bornstedt 06;1306;1018;598;420;0;562;562;0;0;0;4;558;93;27;163;28;63;148;10;6;0;4;9;0;3;3;0;0;1;4;558;93;34;120;47;76;156;5;4;7;0;0;2;0;7;0;2;0;2;3;
120540000000;Potsdam, Stadt;61;1205400000001309;STIMMBEZIRK;Bornstedt 09;1309;1892;1062;830;0;845;841;4;4;0;5;840;88;52;267;61;73;226;14;19;1;6;17;3;3;4;3;0;3;2;843;85;50;194;72;109;230;28;10;20;1;0;5;0;18;4;4;6;2;5;
120540000000;Potsdam, Stadt;61;1205400000001501;STIMMBEZIRK;Eiche 01;1501;1086;609;477;0;495;492;3;3;0;4;491;64;35;186;24;52;102;7;3;0;2;9;1;6;0;0;0;0;5;490;79;35;146;47;50;99;6;4;3;1;0;3;0;4;0;3;2;2;6;
120540000000;Potsdam, Stadt;61;1205400000001701;STIMMBEZIRK;Golm 01;1701;1601;972;629;0;775;769;6;6;0;4;771;129;72;223;67;49;183;12;8;0;5;7;4;6;4;1;0;1;4;771;96;92;180;82;78;174;18;9;8;2;0;5;1;9;2;3;3;1;8;
120540000000;Potsdam, Stadt;61;1205400000001702;STIMMBEZIRK;Golm 02;1702;1006;633;373;0;494;491;3;3;0;5;489;95;47;165;35;39;79;9;9;1;1;2;2;3;0;1;0;1;4;490;95;60;131;45;45;83;3;8;5;1;1;1;0;2;3;0;2;2;3;
120540000000;Potsdam, Stadt;61;1205400000002102;STIMMBEZIRK;Nauener Vorstadt 02;2102;989;528;461;0;417;417;0;0;0;6;411;43;20;97;37;36;138;6;9;0;6;7;1;4;5;0;2;0;3;414;48;23;77;45;43;142;5;10;5;0;1;3;0;7;0;1;1;1;2;
120540000000;Potsdam, Stadt;61;1205400000002103;STIMMBEZIRK;Nauener Vorstadt 03;2103;914;525;389;0;459;457;2;2;0;6;453;48;22;125;53;52;119;6;5;1;3;9;3;0;6;1;0;0;6;453;60;25;105;55;50;116;8;5;7;0;1;2;2;11;4;0;1;0;1;
120540000000;Potsdam, Stadt;61;1205400000002104;STIMMBEZIRK;Nauener Vorstadt 04;2104;1115;657;458;0;565;563;2;2;0;3;562;79;30;151;27;82;158;12;6;0;1;6;3;2;3;1;0;1;4;561;77;33;130;33;89;159;14;6;8;0;0;0;0;2;0;2;2;1;5;
120540000000;Potsdam, Stadt;61;1205400000002201;STIMMBEZIRK;Jägervorstadt 01;2201;1188;657;531;0;556;548;8;8;0;1;555;89;51;153;34;69;134;6;2;1;3;9;1;1;2;0;0;0;1;555;74;59;136;39;73;134;13;7;5;0;1;1;0;7;0;3;1;1;1;
120540000000;Potsdam, Stadt;61;1205400000003103;STIMMBEZIRK;Brandenburger Vorstadt 03;3103;1161;616;545;0;516;513;3;3;0;1;515;39;17;115;69;31;194;14;0;0;2;13;2;4;12;1;0;2;1;515;46;16;79;88;40;193;8;16;2;1;0;5;0;16;1;0;0;1;3;
120540000000;Potsdam, Stadt;61;1205400000003201;STIMMBEZIRK;Potsdam West 01;3201;1149;671;478;0;538;529;9;9;0;1;537;40;37;168;77;36;141;11;6;0;3;12;0;2;4;0;0;0;1;537;40;41;134;96;36;138;11;12;5;0;0;4;0;11;0;4;0;0;5;
120540000000;Potsdam, Stadt;61;1205400000003203;STIMMBEZIRK;Potsdam West 03;3203;1225;641;584;0;501;494;7;7;0;3;498;45;32;141;51;34;149;8;2;2;4;16;0;3;9;1;0;1;4;497;56;37;110;73;45;131;11;8;5;0;1;2;1;12;0;3;0;0;2;
120540000000;Potsdam, Stadt;61;1205400000004102;STIMMBEZIRK;Historische Innenstadt 02;4102;1252;670;582;0;512;506;6;6;0;6;506;55;34;144;36;42;156;9;3;1;10;9;2;1;3;0;0;1;5;507;60;39;117;44;46;165;10;6;2;0;0;2;0;7;3;1;3;0;2;
120540000000;Potsdam, Stadt;61;1205400000004103;STIMMBEZIRK;Historische Innenstadt 03;4103;1107;621;486;0;461;458;3;3;0;4;457;24;16;111;51;40;169;12;6;1;4;8;4;7;3;1;0;0;4;457;35;17;92;69;45;149;5;15;5;1;1;3;0;9;2;2;0;0;7;
120540000000;Potsdam, Stadt;61;1205400000004105;STIMMBEZIRK;Historische Innenstadt 05;4105;1212;727;485;0;576;568;8;8;0;7;569;49;43;135;82;50;158;10;13;0;2;13;3;4;5;0;2;0;6;570;54;45;112;86;54;160;9;18;10;0;0;1;0;12;2;1;3;2;1;
120540000000;Potsdam, Stadt;61;1205400000004107;STIMMBEZIRK;Historische Innenstadt 07;4107;1177;827;350;0;528;526;2;2;0;6;522;31;63;223;77;31;66;5;11;1;2;8;0;1;1;1;0;1;8;520;35;70;168;82;39;85;9;7;11;0;2;1;0;5;0;1;1;0;4;
120540000000;Potsdam, Stadt;61;1205400000004301;STIMMBEZIRK;Zentrum Ost und Nuthepark 01;4301;1117;743;374;0;547;543;4;4;0;5;542;40;71;180;56;43;113;14;5;3;2;7;3;2;1;0;1;1;5;542;44;77;122;72;55;106;22;14;6;0;1;0;1;8;4;1;2;3;4;
120540000000;Potsdam, Stadt;61;1205400000004302;STIMMBEZIRK;Zentrum Ost und Nuthepark 02;4302;2075;1477;598;0;965;958;7;7;0;9;956;78;115;336;97;68;175;23;19;2;0;25;2;5;8;1;0;2;10;955;82;129;252;131;69;175;29;20;17;0;2;1;0;23;0;13;3;0;9;
120540000000;Potsdam, Stadt;61;1205400000005201;STIMMBEZIRK;Klein Glienicke, Babelsberg Nord 01;5201;939;528;411;0;437;426;11;11;0;0;437;57;22;113;23;52;139;5;4;0;2;4;2;4;9;1;0;0;1;436;58;27;96;36;69;127;5;4;4;0;0;2;0;3;0;0;1;0;4;
120540000000;Potsdam, Stadt;61;1205400000005202;STIMMBEZIRK;Babelsberg Nord 02;5202;1148;633;515;0;546;538;8;8;0;3;543;83;32;139;26;93;141;5;9;1;1;10;0;1;1;1;0;0;4;542;91;41;107;40;91;140;5;2;8;0;1;2;0;8;0;2;2;0;2;
120540000000;Potsdam, Stadt;61;1205400000005206;STIMMBEZIRK;Babelsberg Nord 06;5206;1062;651;411;0;517;508;9;9;0;6;511;37;34;153;64;35;139;13;4;0;5;14;1;3;9;0;0;0;4;513;43;39;115;75;37;146;12;17;1;1;0;2;0;17;2;2;1;2;1;
120540000000;Potsdam, Stadt;61;1205400000005208;STIMMBEZIRK;Babelsberg Nord 08;5208;1114;670;444;0;607;599;8;8;0;4;603;53;30;194;52;44;189;9;3;2;1;12;2;1;9;1;1;0;5;602;63;35;141;63;55;192;9;16;2;0;0;3;0;10;1;2;1;1;8;
120540000000;Potsdam, Stadt;61;1205400000005301;STIMMBEZIRK;Babelsberg Süd 01;5301;1123;722;401;0;567;564;3;3;0;5;562;44;54;164;66;41;136;20;6;1;3;11;2;6;6;1;0;1;5;562;39;56;121;82;57;130;15;23;6;0;2;1;0;9;3;4;3;1;10;
120540000000;Potsdam, Stadt;61;1205400000005302;STIMMBEZIRK;Babelsberg Süd 02;5302;1149;725;424;0;591;585;6;6;0;3;588;38;32;153;55;47;215;14;6;1;3;9;2;4;9;0;0;0;3;588;46;36;128;65;42;224;4;13;6;1;0;3;1;11;1;4;1;1;1;
120540000000;Potsdam, Stadt;61;1205400000005307;STIMMBEZIRK;Babelsberg Süd 07;5307;1078;717;361;0;533;530;3;3;0;4;529;47;60;162;53;39;120;14;7;1;4;11;4;2;3;2;0;0;5;528;45;66;122;74;49;112;10;14;4;0;1;4;0;15;3;1;2;3;3;
120540000000;Potsdam, Stadt;61;1205400000005308;STIMMBEZIRK;Babelsberg Süd 08;5308;1173;695;478;0;612;604;8;8;0;2;610;46;27;169;62;42;209;18;8;2;4;9;0;2;9;1;1;1;2;610;48;32;135;78;50;201;17;16;7;0;1;2;1;10;0;2;0;2;8;
120540000000;Potsdam, Stadt;61;1205400000005309;STIMMBEZIRK;Babelsberg Süd 09;5309;784;475;309;0;414;411;3;3;0;5;409;31;22;120;31;32;138;12;6;3;1;9;1;2;0;1;0;0;5;409;35;29;95;32;40;143;6;8;4;0;2;3;1;8;0;1;1;1;0;
120540000000;Potsdam, Stadt;61;1205400000006101;STIMMBEZIRK;Templiner Vorstadt 01;6101;1323;847;476;0;581;577;4;4;0;3;578;73;46;179;48;44;142;11;5;1;3;13;1;3;7;2;0;0;2;579;88;50;147;60;44;141;11;6;7;0;0;3;0;11;1;1;2;2;5;
120540000000;Potsdam, Stadt;61;1205400000006301;STIMMBEZIRK;Schlaatz 01;6301;1654;1269;385;0;726;726;0;0;0;13;713;53;123;280;79;33;86;23;12;5;0;8;1;1;3;1;0;5;13;713;52;125;239;104;36;80;14;25;11;2;2;0;0;9;0;4;5;2;3;
120540000000;Potsdam, Stadt;61;1205400000006305;STIMMBEZIRK;Schlaatz 05;6305;1461;1156;305;0;617;617;0;0;0;4;613;41;129;206;79;30;86;12;11;1;3;5;1;3;0;2;0;4;6;611;41;130;167;92;34;80;25;9;10;1;1;3;0;5;1;6;2;2;2;
120540000000;Potsdam, Stadt;61;1205400000006401;STIMMBEZIRK;Waldstadt I und Industriegelände 01;6401;1305;804;501;0;569;565;4;4;0;7;562;57;83;221;53;35;67;9;10;2;3;13;2;2;4;0;0;1;9;560;55;90;181;64;42;67;16;7;13;0;3;4;0;12;3;1;0;1;1;
120540000000;Potsdam, Stadt;61;1205400000006402;STIMMBEZIRK;Waldstadt I und Industriegelände 02;6402;945;689;256;0;465;462;3;3;0;5;460;34;79;176;43;36;49;6;11;4;2;7;3;4;3;3;0;0;5;460;41;81;147;43;38;44;16;13;13;1;5;2;0;5;1;2;2;3;3;
120540000000;Potsdam, Stadt;61;1205400000006403;STIMMBEZIRK;Waldstadt I und Industriegelände 03;6403;1063;718;345;0;516;515;1;1;0;7;509;56;71;212;47;37;54;8;15;0;1;6;0;0;0;2;0;0;7;509;65;68;179;68;34;44;11;7;14;0;3;0;0;5;0;2;1;5;3;
120540000000;Potsdam, Stadt;61;1205400000006404;STIMMBEZIRK;Waldstadt I und Industriegelände 04;6404;1864;1219;645;0;845;838;7;7;0;8;837;84;116;356;73;42;113;15;10;0;2;13;3;2;1;2;0;5;11;834;74;120;296;95;67;105;21;16;7;1;0;1;1;14;5;4;0;4;3;
120540000000;Potsdam, Stadt;61;1205400000006501;STIMMBEZIRK;Waldstadt II 01;6501;1569;1059;510;0;731;729;2;2;0;8;723;58;110;286;84;50;74;11;9;5;5;15;2;8;0;2;2;2;6;725;64;116;239;105;49;78;21;7;8;1;3;2;1;16;3;3;0;4;5;
120540000000;Potsdam, Stadt;61;1205400000006502;STIMMBEZIRK;Waldstadt II 02;6502;1100;808;292;0;481;479;2;2;0;11;470;31;94;190;47;33;39;10;7;2;4;10;0;0;2;1;0;0;10;471;39;107;150;55;29;38;18;7;11;2;2;1;1;6;0;1;1;1;2;
120540000000;Potsdam, Stadt;61;1205400000007104;STIMMBEZIRK;Stern 04;7104;1230;824;406;0;599;596;3;3;0;8;591;47;77;249;59;31;78;8;18;2;3;7;2;0;2;2;0;6;4;595;48;88;189;77;46;77;24;5;17;1;3;0;0;7;1;2;1;8;1;
120540000000;Potsdam, Stadt;61;1205400000007105;STIMMBEZIRK;Stern 05;7105;1106;724;382;0;504;504;0;0;0;8;496;62;72;161;47;44;72;14;11;2;1;5;0;2;2;0;0;1;8;496;68;69;124;55;48;80;17;7;11;0;0;2;0;4;1;4;0;1;5;
120540000000;Potsdam, Stadt;61;1205400000007110;STIMMBEZIRK;Stern 10;7110;1763;1319;444;0;661;660;1;1;0;8;653;45;137;262;66;46;48;14;9;1;1;12;2;4;1;1;0;4;6;655;47;140;222;78;55;40;24;11;11;1;1;0;0;12;2;9;0;1;1;
120540000000;Potsdam, Stadt;61;1205400000007201;STIMMBEZIRK;Drewitz 01;7201;1071;704;367;0;536;531;5;5;0;11;525;87;80;175;34;66;51;10;3;0;0;8;0;4;3;2;0;2;13;523;85;81;130;52;82;55;9;6;7;1;0;1;0;10;0;0;2;1;1;
120540000000;Potsdam, Stadt;61;1205400000007203;STIMMBEZIRK;Drewitz 03;7203;1536;1223;313;0;717;712;5;5;0;14;703;42;162;255;80;44;70;13;8;1;3;10;3;3;0;3;1;5;16;701;49;155;201;102;48;62;29;9;15;1;1;2;1;12;2;5;0;4;3;
120540000000;Potsdam, Stadt;61;1205400000008201;STIMMBEZIRK;Marquardt 01;8201;972;737;235;0;562;559;3;3;0;5;557;78;67;195;43;46;81;10;12;1;1;17;1;2;2;0;0;1;4;558;75;73;170;54;55;73;9;14;6;1;1;0;1;17;1;0;3;1;4;
120540000000;Potsdam, Stadt;61;1205400000008301;STIMMBEZIRK;Satzkorn 01;8301;368;251;117;0;212;209;3;3;0;1;211;37;32;61;17;14;26;5;6;0;2;8;0;1;2;0;0;0;0;212;35;34;55;21;16;28;4;4;3;0;0;1;0;8;0;1;0;2;0;
120540000000;Potsdam, Stadt;61;1205400000008404;STIMMBEZIRK;Fahrland 04;8404;1145;788;357;0;523;523;0;0;0;11;512;81;81;146;30;55;70;11;16;0;2;12;0;5;2;1;0;0;7;516;75;88;118;29;65;67;23;13;12;0;0;2;0;13;0;6;0;3;2;
120540000000;Potsdam, Stadt;61;1205400000008501;STIMMBEZIRK;Neu Fahrland 01;8501;1319;776;543;0;647;639;8;8;0;6;641;150;63;165;43;68;98;16;14;0;0;17;3;1;1;2;0;0;5;642;150;67;135;44;79;97;17;12;12;1;0;0;0;20;1;3;2;0;2;
120540000000;Potsdam, Stadt;61;1205400000008601;STIMMBEZIRK;Groß Glienicke 01;8601;1589;977;612;0;690;685;5;5;0;11;679;112;94;173;31;90;107;14;19;1;2;30;2;1;1;1;0;1;8;682;115;95;147;40;105;87;29;5;16;0;1;0;0;27;0;2;5;3;5;
120540000000;Potsdam, Stadt;61;1205400000009054;BRIEFWAHLBEZIRK;Potsdam Briefwahlbezirk 9054;9054;0;0;0;0;815;0;815;0;0;4;811;162;54;234;51;128;120;17;14;1;6;10;0;8;2;1;0;3;1;814;188;59;189;69;92;134;25;11;18;0;0;4;0;14;1;0;7;1;2;
120540000000;Potsdam, Stadt;61;1205400000009060;BRIEFWAHLBEZIRK;Potsdam Briefwahlbezirk 9060;9060;0;0;0;0;899;0;899;0;0;5;894;124;49;327;73;74;192;13;13;3;4;7;1;6;3;4;0;1;3;896;126;56;242;107;101;199;21;6;10;0;6;5;1;7;2;0;2;0;5;
120540000000;Potsdam, Stadt;61;1205400000009062;BRIEFWAHLBEZIRK;Potsdam Briefwahlbezirk 9062;9062;0;0;0;0;469;0;469;0;0;5;464;69;27;148;45;34;96;12;12;2;1;2;2;6;3;2;0;3;2;467;66;29;114;61;37;108;6;12;11;1;1;1;0;3;3;6;0;3;5;
120540000000;Potsdam, Stadt;61;1205400000009065;BRIEFWAHLBEZIRK;Potsdam Briefwahlbezirk 9065;9065;0;0;0;0;864;0;864;0;0;6;858;127;28;227;62;83;271;11;13;1;7;15;3;3;5;1;1;0;5;859;126;36;186;66;106;269;19;14;9;0;0;3;0;14;3;2;0;1;5;
120540000000;Potsdam, Stadt;61;1205400000009066;BRIEFWAHLBEZIRK;Potsdam Briefwahlbezirk 9066;9066;0;0;0;0;1025;0;1025;0;0;2;1023;145;31;293;64;107;320;16;8;3;2;17;1;5;4;5;0;2;2;1023;159;43;231;72;124;320;21;16;6;0;2;2;0;12;3;5;2;2;3;
120540000000;Potsdam, Stadt;61;1205400000009067;BRIEFWAHLBEZIRK;Potsdam Briefwahlbezirk 9067;9067;0;0;0;0;1009;0;1009;0;0;8;1001;215;29;286;50;142;236;6;8;0;4;14;2;6;2;1;0;0;7;1002;199;38;193;66;199;244;11;9;11;0;0;2;0;13;4;1;0;0;12;
120540000000;Potsdam, Stadt;61;1205400000009069;BRIEFWAHLBEZIRK;Potsdam Briefwahlbezirk 9069;9069;0;0;0;0;899;0;899;0;0;5;894;72;35;285;110;42;294;16;8;1;4;7;3;5;9;0;0;3;5;894;79;36;228;147;51;288;15;14;8;1;0;2;1;10;4;3;1;1;5;
120540000000;Potsdam, Stadt;61;1205400000009075;BRIEFWAHLBEZIRK;Potsdam Briefwahlbezirk 9075;9075;0;0;0;0;806;0;806;0;0;4;802;75;9;292;77;70;229;18;3;2;1;7;1;13;2;3;0;0;5;801;84;15;212;104;94;235;14;13;4;0;1;3;0;7;4;4;2;0;5;
120540000000;Potsdam, Stadt;61;1205400000009076;BRIEFWAHLBEZIRK;Potsdam Briefwahlbezirk 9076;9076;0;0;0;0;567;0;567;0;0;3;564;67;10;163;60;65;165;7;7;1;5;10;0;3;1;0;0;0;3;564;72;14;125;68;75;172;5;8;3;0;1;3;0;12;0;2;1;2;1;
120540000000;Potsdam, Stadt;61;1205400000009078;BRIEFWAHLBEZIRK;Potsdam Briefwahlbezirk 9078;9078;0;0;0;0;772;0;772;0;0;6;766;65;32;279;92;51;199;11;8;5;4;5;2;5;3;4;0;1;4;768;68;41;224;108;63;197;21;11;6;0;4;5;0;8;1;2;0;2;7;
120540000000;Potsdam, Stadt;61;1205400000009080;BRIEFWAHLBEZIRK;Potsdam Briefwahlbezirk 9080;9080;0;0;0;0;706;0;706;0;0;8;698;45;38;268;82;52;154;7;16;3;2;10;5;6;4;5;0;1;6;700;67;36;217;103;54;145;25;4;16;0;2;4;0;10;3;4;1;3;6;
120540000000;Potsdam, Stadt;61;1205400000009082;BRIEFWAHLBEZIRK;Potsdam Briefwahlbezirk 9082;9082;0;0;0;0;645;0;645;0;0;3;642;56;21;187;76;39;209;13;5;0;3;14;2;7;4;4;0;2;2;643;65;24;139;99;44;196;17;12;7;1;0;5;0;13;2;7;3;1;8;
120540000000;Potsdam, Stadt;61;1205400000009086;BRIEFWAHLBEZIRK;Potsdam Briefwahlbezirk 9086;9086;0;0;0;0;860;0;860;0;0;3;857;55;26;261;86;66;293;18;14;0;4;15;2;5;7;2;1;2;5;855;64;30;204;107;65;301;18;21;13;1;0;2;0;15;1;1;3;0;9;
120540000000;Potsdam, Stadt;61;1205400000009088;BRIEFWAHLBEZIRK;Potsdam Briefwahlbezirk 9088;9088;0;0;0;0;774;0;774;0;0;7;767;60;19;250;68;67;234;19;9;3;7;14;3;5;6;2;0;1;2;772;63;27;178;92;76;263;16;11;13;0;5;4;0;14;4;3;0;2;1;
120540000000;Potsdam, Stadt;61;1205400000009089;BRIEFWAHLBEZIRK;Potsdam Briefwahlbezirk 9089;9089;0;0;0;0;925;0;925;0;0;3;922;100;41;330;108;48;219;24;10;4;7;13;4;4;5;3;0;2;3;922;101;45;250;141;64;249;20;10;6;0;3;8;0;10;3;4;0;4;4;
120540000000;Potsdam, Stadt;61;1205400000009093;BRIEFWAHLBEZIRK;Potsdam Briefwahlbezirk 9093;9093;0;0;0;0;438;0;438;0;0;1;437;67;23;152;32;43;108;1;0;0;0;2;3;2;2;2;0;0;1;437;80;23;104;39;56;109;13;6;2;0;0;0;0;1;1;0;1;0;2;
120540000000;Potsdam, Stadt;61;1205400000009096;BRIEFWAHLBEZIRK;Potsdam Briefwahlbezirk 9096;9096;0;0;0;0;570;0;570;0;0;7;563;45;55;222;93;37;76;11;4;2;1;7;2;3;1;1;0;3;6;564;41;62;188;115;41;70;22;9;0;2;1;1;1;5;1;1;0;4;0;
120540000000;Potsdam, Stadt;61;1205400000009098;BRIEFWAHLBEZIRK;Potsdam Briefwahlbezirk 9098;9098;0;0;0;0;812;0;812;0;0;8;804;60;70;375;79;58;99;16;21;0;5;6;0;13;1;1;0;0;9;803;61;71;322;102;60;104;26;16;18;1;0;3;0;4;0;2;1;3;9;
120540000000;Potsdam, Stadt;61;1205400000009100;BRIEFWAHLBEZIRK;Potsdam Briefwahlbezirk 9100;9100;0;0;0;0;734;0;734;0;0;5;729;45;73;309;99;33;113;18;9;7;3;6;4;0;3;2;0;5;5;729;49;76;241;130;35;115;18;19;16;0;5;3;0;6;1;7;4;3;1;
120540000000;Potsdam, Stadt;61;1205400000009105;BRIEFWAHLBEZIRK;Potsdam Briefwahlbezirk 9105;9105;0;0;0;0;728;0;728;0;0;6;722;62;45;317;101;43;95;11;16;1;2;14;2;1;1;4;1;6;5;723;85;50;255;127;51;88;17;6;16;1;0;0;0;10;0;2;7;4;4;
120540000000;Potsdam, Stadt;61;1205400000009108;BRIEFWAHLBEZIRK;Potsdam Briefwahlbezirk 9108;9108;0;0;0;0;747;0;747;0;0;2;745;87;39;299;77;61;126;16;14;6;3;6;1;3;2;3;0;2;1;746;92;50;253;105;64;119;18;11;11;0;5;3;0;5;1;1;4;1;3;
120540000000;Potsdam, Stadt;61;1205400000009113;BRIEFWAHLBEZIRK;Potsdam Briefwahlbezirk 9113;9113;0;0;0;0;102;0;102;0;0;1;101;18;9;41;5;9;7;3;3;0;0;2;0;2;2;0;0;0;1;101;17;9;36;7;7;13;5;1;1;0;0;0;0;1;1;0;0;2;1;
120540000000;Potsdam, Stadt;61;1205400000009114;BRIEFWAHLBEZIRK;Potsdam Briefwahlbezirk 9114;9114;0;0;0;0;215;0;215;0;0;3;212;25;13;82;24;11;29;1;11;1;1;5;0;2;5;2;0;0;3;212;28;12;68;32;16;25;4;1;12;3;1;1;1;4;0;1;0;2;1;
120540000000;Potsdam, Stadt;61;1205400000009116;BRIEFWAHLBEZIRK;Potsdam Briefwahlbezirk 9116;9116;0;0;0;0;596;0;596;0;0;5;591;95;62;224;35;67;62;9;16;1;2;7;2;3;3;1;0;2;2;594;105;69;193;27;75;72;20;5;8;0;1;1;0;6;2;3;1;4;2;
120540000000;Potsdam, Stadt;61;1205400000009117;BRIEFWAHLBEZIRK;Potsdam Briefwahlbezirk 9117;9117;0;0;0;0;727;0;727;0;0;9;718;125;68;240;49;73;90;18;27;2;2;15;1;5;1;1;0;1;7;720;125;74;176;57;85;104;24;14;35;1;1;2;0;13;2;4;1;1;1;
120540000000;Potsdam, Stadt;61;1205400000009118;BRIEFWAHLBEZIRK;Potsdam Briefwahlbezirk 9118;9118;0;0;0;0;521;0;521;0;0;6;515;107;23;170;32;62;78;5;20;1;1;6;1;3;2;2;1;1;4;517;102;38;145;34;72;82;11;6;14;0;0;0;0;6;1;1;1;2;2;
120540000000;Potsdam, Stadt;61;1205400000009119;BRIEFWAHLBEZIRK;Potsdam Briefwahlbezirk 9119;9119;0;0;0;0;571;0;571;0;0;2;569;128;36;189;33;58;72;15;26;1;3;4;0;3;0;1;0;0;2;569;126;34;161;46;80;73;15;12;11;0;0;1;0;3;0;1;3;1;2;
120690304304;Kleinmachnow;61;1206903043040001;STIMMBEZIRK;Kleinmachnow, Kita Ameisenburg;1;1050;649;401;0;547;546;1;1;0;0;547;111;42;174;37;58;101;5;5;0;2;5;1;1;2;0;0;3;2;545;104;44;148;48;78;92;12;4;4;0;0;2;0;4;0;0;0;4;1;
120690304304;Kleinmachnow;61;1206903043040002;STIMMBEZIRK;Kleinmachnow, Wasserbauschule;2;1098;614;484;0;526;526;0;0;0;4;522;84;46;168;39;55;102;4;3;0;3;12;0;5;0;0;0;1;6;520;89;50;128;51;61;104;12;5;3;0;0;2;0;9;1;1;0;0;4;
120690304304;Kleinmachnow;61;1206903043040005;STIMMBEZIRK;Kleinmachnow, Allgemeine Förderschule;5;1077;624;453;0;528;527;1;1;0;0;528;127;35;145;16;59;119;7;6;0;1;7;1;1;3;1;0;0;3;525;104;37;111;26;86;129;9;5;4;0;0;1;0;8;0;1;2;1;1;
120690304304;Kleinmachnow;61;1206903043040006;STIMMBEZIRK;Kleinmachnow, Steinweg-Grundschule I;6;1134;663;471;0;570;567;3;3;0;3;567;133;28;156;14;70;138;9;5;0;0;6;1;6;0;0;0;1;3;567;119;34;119;23;109;132;12;5;1;0;0;0;0;6;0;1;1;0;5;
120690304304;Kleinmachnow;61;1206903043040007;STIMMBEZIRK;Kleinmachnow, Seniorenclub Toni Stemmler;7;797;472;325;0;408;408;0;0;0;2;406;71;17;106;18;48;122;8;3;0;0;10;0;0;1;0;0;2;4;404;67;19;95;35;55;114;0;5;1;1;0;0;0;9;0;0;1;1;1;
120690304304;Kleinmachnow;61;1206903043040015;STIMMBEZIRK;Kleinmachnow, Augustinum;15;931;578;353;0;465;465;0;0;0;2;463;149;18;109;12;62;99;5;1;0;0;4;0;2;2;0;0;0;1;464;150;22;89;18;100;76;2;1;1;0;0;0;0;2;0;1;0;0;2;
120690304304;Kleinmachnow;61;1206903043049002;BRIEFWAHLBEZIRK;Kleinmachnow, Briefwahlbezirk II;9002;0;0;0;0;847;0;847;0;0;8;839;172;39;337;43;71;133;11;13;0;0;14;0;2;0;1;1;2;6;841;154;44;259;67;106;145;14;6;16;0;0;1;0;12;3;1;6;2;5;
120690304304;Kleinmachnow;61;1206903043049003;BRIEFWAHLBEZIRK;Kleinmachnow, Briefwahlbezirk III;9003;0;0;0;0;840;0;840;0;0;1;839;208;21;274;25;92;181;7;8;0;0;11;2;4;3;1;0;2;1;839;205;28;210;43;142;170;12;5;4;1;0;0;0;12;1;2;1;1;2;
120690304304;Kleinmachnow;61;1206903043049006;BRIEFWAHLBEZIRK;Kleinmachnow, Briefwahlbezirk VI;9006;0;0;0;0;961;0;961;0;0;3;958;230;29;259;23;108;247;8;13;0;2;22;2;8;5;2;0;0;3;958;209;22;185;42;185;258;4;2;11;0;0;1;0;28;1;3;2;0;5;
120690304304;Kleinmachnow;61;1206903043049007;BRIEFWAHLBEZIRK;Kleinmachnow, Briefwahlbezirk VII;9007;0;0;0;0;845;0;845;0;0;4;841;210;32;233;20;92;215;11;18;0;2;6;0;1;0;0;0;1;4;841;214;34;178;33;134;210;13;2;14;0;0;0;0;5;0;0;0;0;4;
120690397397;Michendorf;61;1206903973970001;STIMMBEZIRK;Michendorf OT Fresdorf, Gemeindezentrum;1;266;162;104;0;126;125;1;1;0;0;126;20;23;39;5;8;17;1;5;0;2;6;0;0;0;0;0;0;0;126;21;23;32;5;11;17;5;1;4;0;0;2;0;5;0;0;0;0;0;
120690397397;Michendorf;61;1206903973970002;STIMMBEZIRK;Michendorf OT Langerwisch I, Gemeindezentrum;2;1429;943;486;0;739;739;0;0;0;6;733;104;119;220;44;66;119;10;15;4;4;16;1;3;6;2;0;0;5;734;107;116;170;63;86;113;19;6;19;4;3;2;1;14;0;2;3;2;4;
120690397397;Michendorf;61;1206903973970004;STIMMBEZIRK;Michendorf OT Michendorf I, Turnhalle L;4;706;478;228;0;408;407;1;1;0;2;406;63;50;135;23;38;70;9;7;2;1;5;1;1;1;0;0;0;2;406;69;51;98;28;50;70;11;8;5;0;2;1;0;3;2;2;0;4;2;
120690397397;Michendorf;61;1206903973970006;STIMMBEZIRK;Michendorf OT Michendorf III, Gemeindezentrum;6;725;456;269;0;357;355;2;2;0;2;355;60;62;115;31;32;32;3;6;0;0;9;0;1;4;0;0;0;3;354;68;70;96;31;24;34;14;3;5;0;0;1;0;4;0;0;1;3;0;
120690397397;Michendorf;61;1206903973970009;STIMMBEZIRK;Michendorf OT Wildenbruch II, Gemeindezentrum;9;1006;619;387;0;486;483;3;3;0;5;481;103;73;119;15;67;61;9;19;0;1;7;1;1;5;0;0;0;3;483;101;80;81;29;79;59;14;12;17;0;0;0;0;7;1;1;0;1;1;
120690397397;Michendorf;61;1206903973970010;STIMMBEZIRK;Michendorf OT Wilhelmshorst I, Cafeteria;10;875;519;356;0;399;389;10;10;0;4;395;62;54;113;10;50;81;4;9;2;3;5;0;2;0;0;0;0;3;396;70;53;96;29;56;65;7;4;7;0;1;3;1;2;1;0;0;0;1;
120690397397;Michendorf;61;1206903973970013;STIMMBEZIRK;Michendorf OT Michendorf IV, Glasverbinder;13;911;639;272;0;465;465;0;0;0;2;463;52;50;176;33;36;68;8;10;0;3;15;5;3;0;2;1;1;4;461;51;60;144;44;32;64;15;9;10;1;0;1;0;17;3;5;1;3;1;
120690397397;Michendorf;61;1206903973970014;STIMMBEZIRK;Michendorf OT Michendorf V, Turnhalle R;14;831;537;294;0;448;448;0;0;0;2;446;72;62;155;27;38;66;5;11;0;1;7;0;0;2;0;0;0;4;444;69;66;135;35;43;69;8;3;6;0;0;2;0;7;0;0;0;1;0;
120690454454;Nuthetal;61;1206904544540003;STIMMBEZIRK;Nuthetal OT Bergholz-Rehbrücke, Akademie 2.LH;3;1292;837;455;0;665;665;0;0;0;5;660;76;70;253;57;66;86;12;9;0;5;15;4;1;2;2;0;2;4;661;66;88;196;80;77;85;25;12;7;0;0;3;0;9;2;3;5;2;1;
120690454454;Nuthetal;61;1206904544540004;STIMMBEZIRK;Nuthetal OT Bergholz-Rehbrücke, Aula Schule;4;1308;849;459;0;720;720;0;0;0;5;715;119;81;257;35;58;120;8;12;0;5;10;1;3;0;4;0;2;5;715;117;82;192;57;77;125;17;9;9;3;0;3;0;14;1;1;0;5;3;
120690454454;Nuthetal;61;1206904544540005;STIMMBEZIRK;Nuthetal OT Saarmund, Schule Bibliothek;5;801;607;194;0;497;497;0;0;0;7;490;76;84;168;28;43;59;7;10;3;3;4;1;2;1;0;0;1;9;488;70;86;136;32;57;54;26;6;6;0;1;3;0;7;0;2;0;0;2;
120690454454;Nuthetal;61;1206904544540007;STIMMBEZIRK;Nuthetal OT Philippsthal, Gemeindezentrum;7;151;114;37;0;101;101;0;0;0;0;101;20;18;31;8;12;8;1;1;0;0;2;0;0;0;0;0;0;1;100;20;16;30;7;16;8;1;0;0;0;0;0;0;1;0;0;0;1;0;
120690454454;Nuthetal;61;1206904544540008;STIMMBEZIRK;Nuthetal OT Nudow, Gemeindezentrum;8;344;250;94;0;205;205;0;0;0;2;203;36;28;77;12;13;20;6;7;0;1;2;1;0;0;0;0;0;2;203;41;26;59;17;18;16;8;6;6;1;0;0;1;4;0;0;0;0;0;
120690454454;Nuthetal;61;1206904544540009;STIMMBEZIRK;Nuthetal OT Fahlhorst, Gemeindezentrum;9;165;132;33;0;105;105;0;0;0;1;104;17;28;34;3;12;6;1;0;0;0;3;0;0;0;0;0;0;1;104;17;32;25;5;14;6;1;0;1;0;0;0;0;2;0;1;0;0;0;
120690590590;Schwielowsee;61;1206905905901202;STIMMBEZIRK;Schwielowsee, OT Caputh, Mehrzweckraum;1202;1434;915;519;0;702;701;1;1;0;9;693;102;78;241;57;59;115;9;14;0;4;8;3;3;0;0;0;0;9;693;93;84;211;60;77;115;10;7;11;3;0;3;0;6;3;2;1;5;2;
120690590590;Schwielowsee;61;1206905905901205;STIMMBEZIRK;Schwielowsee, OT Ferch, Sportlerheim;1205;756;561;195;0;469;469;0;0;0;6;463;84;78;148;29;36;52;8;12;1;0;9;0;2;0;1;0;3;4;465;73;84;122;32;48;53;13;6;13;0;0;0;0;13;0;4;0;2;2;
120690590590;Schwielowsee;61;1206905905901207;STIMMBEZIRK;Schwielowsee, OT Geltow II, Grundschule;1207;1355;864;491;0;660;660;0;0;0;10;650;121;79;223;48;58;73;7;19;1;1;12;3;1;1;1;0;2;10;650;115;87;183;63;70;79;12;5;14;0;0;2;0;15;2;2;0;1;0;
120690590590;Schwielowsee;61;1206905905901208;STIMMBEZIRK;Schwielowsee, OT Geltow, Bürgerclub;1208;655;410;245;0;359;356;3;3;0;1;358;73;31;94;34;48;55;4;6;2;2;7;0;1;1;0;0;0;2;357;67;39;78;36;50;55;6;5;8;0;2;1;0;7;0;2;0;0;1;
120690604604;Stahnsdorf;61;120690604604;GEMEINDE;Stahnsdorf;;12324;7532;4792;0;10415;5810;4605;13;0;91;10324;1960;1071;3390;465;1119;1570;201;218;11;26;173;21;37;26;18;3;15;83;10332;1871;1162;2670;641;1368;1723;217;130;191;20;9;18;1;180;14;25;24;32;36;
120690604604;Stahnsdorf;61;1206906046040005;STIMMBEZIRK;Stahnsdorf, FFW Stahnsdorf;5;734;417;317;0;351;344;7;7;0;2;349;70;27;101;14;40;78;5;3;0;0;9;0;1;1;0;0;0;4;347;58;29;76;20;60;78;8;2;2;0;0;0;0;10;1;1;0;1;1;
120690604604;Stahnsdorf;61;1206906046040008;STIMMBEZIRK;Stahnsdorf, Kita Mäuseburg;8;753;514;239;0;360;360;0;0;0;4;356;69;68;93;12;41;51;8;9;0;0;2;0;1;0;2;0;0;4;356;57;64;72;24;49;59;11;4;7;0;0;0;0;5;0;2;1;0;1;
120690604604;Stahnsdorf;61;1206906046040009;STIMMBEZIRK;Stahnsdorf, Kita Im Regenbogenland;9;904;515;389;0;440;440;0;0;0;4;436;96;33;122;20;47;84;10;8;0;0;8;2;2;2;2;0;0;5;435;89;37;100;33;66;72;10;10;7;0;0;1;0;4;0;2;1;0;3;
120690604604;Stahnsdorf;61;1206906046040011;STIMMBEZIRK;Stahnsdorf, Grundschule Heinrich Zille (Horthalle);11;993;591;402;0;473;473;0;0;0;2;471;78;70;156;20;54;76;3;6;0;2;3;1;2;0;0;0;0;2;471;67;77;133;27;61;79;4;4;7;1;0;1;0;7;0;2;0;0;1;
120690604604;Stahnsdorf;61;1206906046040014;STIMMBEZIRK;Stahnsdorf, FFW Schenkenhorst / Sputendorf;14;911;626;285;0;479;479;0;0;0;9;470;65;95;166;23;37;48;12;4;0;0;10;3;1;1;1;1;3;8;471;66;102;120;22;49;52;21;7;4;4;0;0;1;13;2;1;3;2;2;
120690604604;Stahnsdorf;61;1206906046049022;BRIEFWAHLBEZIRK;Stahnsdorf, Briefwahllokal 9022;9022;0;0;0;0;409;0;409;0;0;1;408;86;29;141;17;26;63;21;9;1;0;5;4;1;2;0;0;3;1;408;81;32;106;29;35;75;7;14;16;2;1;0;0;4;4;0;0;1;1;
120690604604;Stahnsdorf;61;1206906046049023;BRIEFWAHLBEZIRK;Stahnsdorf, Briefwahllokal 9023;9023;0;0;0;0;683;0;683;0;0;3;680;133;30;218;34;93;124;13;14;2;2;8;0;4;4;0;0;1;2;681;122;38;169;41;109;139;13;12;12;1;2;2;0;9;0;2;1;1;8;
120690604604;Stahnsdorf;61;1206906046049025;BRIEFWAHLBEZIRK;Stahnsdorf, Briefwahllokal 9025;9025;0;0;0;0;491;0;491;0;0;4;487;77;46;180;33;44;65;5;18;0;0;10;1;1;3;2;1;1;4;487;82;47;135;36;53;75;16;8;13;1;0;1;0;12;1;3;0;2;2;
120690616616;Teltow, Stadt;61;1206906166160007;STIMMBEZIRK;Teltow, Hort GS Ernst-v.-Stubenrauch;7;1039;770;269;0;515;514;1;1;0;12;503;69;70;223;31;37;33;10;14;1;2;9;0;0;0;3;0;1;13;502;73;60;179;43;43;41;19;6;13;3;0;1;1;10;0;4;2;1;3;
120690616616;Teltow, Stadt;61;1206906166160008;STIMMBEZIRK;Teltow, Kita Teltow Kids;8;1871;1361;510;0;862;859;3;3;0;19;843;113;129;331;53;51;99;20;18;2;5;14;2;2;2;2;0;0;20;842;116;134;274;62;67;99;23;17;10;4;1;3;0;13;0;8;5;3;3;
120690616616;Teltow, Stadt;61;1206906166160009;STIMMBEZIRK;Teltow, Hort Mühlendorf;9;1182;734;448;0;549;545;4;4;0;6;543;103;58;170;16;70;87;6;9;0;2;15;3;4;0;0;0;0;5;544;97;53;131;18;90;93;12;7;8;3;0;2;0;14;2;2;4;4;4;
120690616616;Teltow, Stadt;61;1206906166160010;STIMMBEZIRK;Teltow, Grundschule Anne Frank I;10;1245;713;532;0;579;573;6;6;0;5;574;111;65;162;17;55;126;13;12;11;2;0;0;0;0;0;0;0;3;576;107;67;123;21;75;124;14;12;11;2;0;0;0;7;0;2;3;5;3;
120690616616;Teltow, Stadt;61;1206906166160012;STIMMBEZIRK;Teltow, Seniorenzentrum Bethesda;12;1364;953;411;0;638;635;3;3;0;13;625;96;83;247;29;51;76;17;5;1;1;10;1;4;2;1;0;1;12;626;97;87;200;49;57;81;17;12;7;1;0;1;0;9;0;1;0;2;5;
120690616616;Teltow, Stadt;61;1206906166169040;BRIEFWAHLBEZIRK;Teltow, Briefwahlbezirk V;9040;0;0;0;0;970;0;970;0;0;6;964;181;67;355;49;94;134;27;29;0;5;12;2;4;2;2;0;1;5;965;177;77;282;70;114;149;28;15;28;0;0;2;0;10;1;4;3;1;4;
120690616616;Teltow, Stadt;61;1206906166169041;BRIEFWAHLBEZIRK;Teltow, Briefwahlbezirk VI;9041;0;0;0;0;1049;0;1049;0;0;10;1039;244;65;317;38;114;197;10;15;1;4;19;2;6;5;1;0;1;6;1043;236;73;244;57;150;203;20;9;16;1;0;3;0;15;3;1;2;5;5;
120720240240;Ludwigsfelde, Stadt;61;1207202402400010;STIMMBEZIRK;Ludwigsfelde, Gottlieb-Daimler-Schule (Mensa);10;873;664;209;0;343;343;0;0;0;7;336;26;64;149;29;22;28;4;3;0;3;5;1;0;1;0;0;1;11;332;25;64;116;37;33;21;12;5;5;1;0;2;0;3;1;3;0;2;2;
120720240240;Ludwigsfelde, Stadt;61;1207202402400020;STIMMBEZIRK;Ludwigsfelde, Kita Märchenland;20;1156;806;350;0;489;485;4;4;0;16;473;75;107;157;37;35;35;10;7;0;0;4;1;2;1;0;0;2;17;472;75;100;120;54;40;32;20;5;8;2;0;0;0;5;0;5;1;4;1;
120720240240;Ludwigsfelde, Stadt;61;1207202402409043;BRIEFWAHLBEZIRK;Ludwigsfelde, Briefwahl I;9043;0;0;0;0;955;0;955;0;0;5;950;141;62;409;75;81;93;18;40;3;3;12;3;2;0;6;0;2;7;948;137;70;349;93;103;91;21;15;35;1;2;5;0;7;3;4;4;5;3;
120720240240;Ludwigsfelde, Stadt;61;1207202402409044;BRIEFWAHLBEZIRK;Ludwigsfelde, Briefwahl II;9044;0;0;0;0;1201;0;1201;0;0;14;1187;180;98;526;101;91;98;14;43;3;6;11;2;4;3;3;1;3;15;1186;168;114;424;147;110;108;31;11;46;1;1;2;1;8;1;2;0;8;3;
120720240240;Ludwigsfelde, Stadt;61;1207202402409046;BRIEFWAHLBEZIRK;Ludwigsfelde, Briefwahl IV;9046;0;0;0;0;926;0;926;0;0;18;908;87;72;436;72;65;88;13;36;5;2;12;1;5;4;5;0;5;14;912;85;76;358;88;87;94;31;12;35;6;4;0;1;11;2;6;4;9;3;
120720240240;Ludwigsfelde, Stadt;61;1207202402409047;BRIEFWAHLBEZIRK;Ludwigsfelde, Briefwahl V;9047;0;0;0;0;839;0;839;0;0;10;829;108;73;371;64;71;67;13;34;1;3;12;1;3;3;1;0;4;6;833;102;83;316;89;61;60;37;16;33;2;1;4;1;13;2;4;1;6;2;
120720240240;Ludwigsfelde, Stadt;61;1207202402409048;BRIEFWAHLBEZIRK;Ludwigsfelde, Briefwahl VI;9048;0;0;0;0;298;0;298;0;0;2;296;68;25;82;8;28;49;12;8;0;2;9;0;1;1;3;0;0;3;295;56;30;68;10;30;58;9;4;10;1;0;0;2;12;1;0;0;2;2;
120540000000;Potsdam, Stadt;61;120540000000;GEMEINDE;Potsdam, Stadt;;136171;86717;49454;0;110636;63148;47488;467;0;940;109696;12275;9294;36791;10401;9014;23343;2078;1688;251;542;1809;311;701;635;274;45;244;877;109759;12916;10080;29177;13165;10412;23448;2637;1831;1517;115;197;388;51;1788;254;446;290;329;718;
120540000000;Potsdam, Stadt;61;1205400000001305;STIMMBEZIRK;Bornstedt 05;1305;1290;771;519;0;565;565;0;0;0;8;557;68;35;187;48;45;133;10;7;3;2;8;1;1;4;2;0;3;5;560;71;36;143;58;64;127;14;10;7;1;4;3;0;9;2;3;1;2;5;
120540000000;Potsdam, Stadt;61;1205400000001307;STIMMBEZIRK;Bornstedt 07;1307;1145;690;455;0;524;520;4;4;0;4;520;70;35;193;52;43;89;10;5;1;3;8;4;6;1;0;0;0;2;522;67;43;162;71;44;92;11;9;5;2;2;1;0;6;2;0;2;1;2;
120540000000;Potsdam, Stadt;61;1205400000001308;STIMMBEZIRK;Bornstedt 08;1308;998;556;442;0;391;387;4;4;0;2;389;56;38;148;25;23;84;6;2;0;0;4;0;3;0;0;0;0;1;390;60;43;117;26;25;89;8;4;3;0;0;0;0;5;0;1;2;2;5;
120540000000;Potsdam, Stadt;61;1205400000001502;STIMMBEZIRK;Eiche 02;1502;1632;912;720;0;673;669;4;4;0;4;669;51;65;202;72;56;168;13;6;3;6;6;2;10;4;4;1;0;3;670;54;67;152;96;66;164;15;12;8;2;1;5;1;4;5;6;1;2;9;
120540000000;Potsdam, Stadt;61;1205400000001503;STIMMBEZIRK;Eiche 03;1503;1155;694;461;0;556;551;5;5;0;8;548;70;66;179;40;51;117;7;3;0;1;7;0;4;3;0;0;0;6;550;72;66;141;65;54;119;10;6;9;0;0;0;0;6;0;0;0;1;1;
120540000000;Potsdam, Stadt;61;1205400000001601;STIMMBEZIRK;Grube 01;1601;344;229;115;0;182;182;0;0;0;1;181;33;26;44;4;12;43;4;4;0;0;7;1;1;0;0;0;2;2;180;33;24;36;12;19;39;0;4;5;0;0;0;0;7;1;0;0;0;0;
120540000000;Potsdam, Stadt;61;1205400000002101;STIMMBEZIRK;Nauener Vorstadt 01;2101;1055;517;538;0;427;425;2;2;0;3;424;88;29;99;19;66;105;3;6;0;0;4;0;2;3;0;0;0;1;426;89;31;79;28;78;97;6;5;5;1;0;0;0;3;0;0;0;1;3;
120540000000;Potsdam, Stadt;61;1205400000002302;STIMMBEZIRK;Berliner Vorstadt 02;2302;1047;563;484;0;482;482;0;0;0;3;479;64;26;147;24;69;109;8;7;1;2;11;2;2;5;0;0;2;2;480;80;34;132;39;62;91;11;4;9;0;0;0;0;5;1;1;0;4;7;
120540000000;Potsdam, Stadt;61;1205400000003102;STIMMBEZIRK;Brandenburger Vorstadt 02;3102;1021;627;394;0;500;489;11;11;0;6;494;43;23;109;58;40;171;9;2;1;8;12;1;7;9;0;0;1;3;497;45;28;98;69;47;164;10;8;2;0;1;3;0;11;0;1;4;1;5;
120540000000;Potsdam, Stadt;61;1205400000003104;STIMMBEZIRK;Brandenburger Vorstadt 04;3104;1283;879;404;0;640;639;1;1;0;8;632;60;62;281;83;26;80;14;5;1;2;6;0;4;7;1;0;0;10;630;64;66;222;114;26;89;12;11;5;1;0;3;0;6;1;4;1;3;2;
120540000000;Potsdam, Stadt;61;1205400000003105;STIMMBEZIRK;Brandenburger Vorstadt 05;3105;638;368;270;0;306;304;2;2;0;3;303;21;22;93;38;13;85;7;3;0;1;13;1;4;2;0;0;0;3;303;18;20;78;44;17;95;3;5;5;0;0;0;0;16;0;0;0;0;2;
120540000000;Potsdam, Stadt;61;1205400000003107;STIMMBEZIRK;Brandenburger Vorstadt 07;3107;1538;1098;440;0;805;802;3;3;0;14;791;76;89;360;91;26;93;23;9;3;4;12;1;1;2;0;0;1;12;793;77;93;297;99;43;102;21;22;5;2;0;2;0;16;0;1;3;2;8;
120540000000;Potsdam, Stadt;61;1205400000003202;STIMMBEZIRK;Potsdam West 02;3202;1131;788;343;0;580;577;3;3;0;8;572;57;59;223;75;33;84;7;5;0;5;10;0;4;3;1;3;3;8;572;55;65;180;83;36;98;14;10;6;0;1;2;4;10;1;1;1;0;5;
120540000000;Potsdam, Stadt;61;1205400000003205;STIMMBEZIRK;Potsdam West 05;3205;1212;770;442;0;648;644;4;4;0;6;642;53;39;224;60;50;161;9;4;1;2;22;2;4;7;2;1;1;6;642;59;49;184;71;60;166;11;7;5;0;0;1;0;21;1;2;1;2;2;
120540000000;Potsdam, Stadt;61;1205400000004101;STIMMBEZIRK;Historische Innenstadt 01;4101;1188;713;475;0;590;588;2;2;0;3;587;80;29;168;50;45;166;16;5;1;1;16;1;3;5;1;0;0;6;584;90;36;104;65;62;183;8;11;2;0;1;1;0;14;0;1;2;2;2;
120540000000;Potsdam, Stadt;61;1205400000004109;STIMMBEZIRK;Historische Innenstadt 09;4109;1208;718;490;0;531;527;4;4;0;9;522;40;50;198;50;42;105;8;5;1;1;7;1;3;3;2;1;5;11;520;41;54;156;64;48;111;12;11;5;1;1;1;2;5;0;4;1;1;2;
120540000000;Potsdam, Stadt;61;1205400000005204;STIMMBEZIRK;Babelsberg Nord 04;5204;1146;703;443;0;616;609;7;7;0;2;614;69;45;170;42;51;199;9;6;0;1;7;1;5;8;0;0;1;2;614;73;53;125;65;56;201;5;9;3;0;1;1;0;11;1;1;0;3;6;
120540000000;Potsdam, Stadt;61;1205400000005207;STIMMBEZIRK;Babelsberg Nord 07;5207;1172;753;419;0;553;547;6;6;0;4;549;46;32;165;61;43;149;13;4;3;9;9;1;9;5;0;0;0;5;548;52;34;113;65;55;167;20;13;4;0;2;4;0;9;1;4;1;0;4;
120540000000;Potsdam, Stadt;61;1205400000005304;STIMMBEZIRK;Babelsberg Süd 04;5304;1354;801;553;0;645;640;5;5;0;7;638;65;47;262;58;36;126;11;5;2;2;12;2;4;3;1;1;1;10;635;73;56;211;77;41;124;16;9;7;1;2;1;1;10;1;1;1;1;2;
120540000000;Potsdam, Stadt;61;1205400000006201;STIMMBEZIRK;Teltower Vorstadt 01;6201;1244;757;487;0;587;584;3;3;0;5;582;48;53;188;58;50;124;18;9;3;4;13;3;4;4;0;0;3;5;582;57;50;160;69;45;131;14;16;8;2;3;1;0;12;2;3;1;3;5;
120540000000;Potsdam, Stadt;61;1205400000006203;STIMMBEZIRK;Teltower Vorstadt 03;6203;1187;747;440;0;612;611;1;1;0;4;608;57;61;217;50;66;112;8;10;1;2;16;0;1;4;0;1;2;3;609;72;72;186;69;69;92;6;9;8;0;1;2;0;14;1;4;1;1;2;
120540000000;Potsdam, Stadt;61;1205400000006303;STIMMBEZIRK;Schlaatz 03;6303;955;730;225;0;413;411;2;2;0;6;407;29;80;165;36;18;53;5;4;0;0;7;1;1;3;1;1;3;6;407;25;84;139;48;23;52;13;5;3;1;0;0;0;7;0;3;0;1;3;
120540000000;Potsdam, Stadt;61;1205400000006304;STIMMBEZIRK;Schlaatz 04;6304;1625;1310;315;0;626;624;2;2;0;11;615;56;118;203;77;35;78;11;10;1;1;7;2;8;2;3;1;2;12;614;50;115;162;101;38;69;24;11;4;5;2;2;1;10;1;7;4;2;6;
120540000000;Potsdam, Stadt;61;1205400000006505;STIMMBEZIRK;Waldstadt II 05;6505;1934;1380;554;0;861;858;3;3;0;25;836;61;166;294;93;57;80;22;17;3;11;19;3;3;4;1;0;2;23;838;61;169;253;99;68;75;33;15;15;6;3;8;1;16;4;2;2;2;6;
120540000000;Potsdam, Stadt;61;1205400000007106;STIMMBEZIRK;Stern 06;7106;1870;1325;545;0;813;809;4;4;0;14;799;64;145;371;78;35;45;18;16;2;1;11;2;3;0;3;1;4;11;802;64;145;302;103;44;55;22;15;17;1;2;3;0;11;3;3;1;5;6;
120540000000;Potsdam, Stadt;61;1205400000007108;STIMMBEZIRK;Stern 08;7108;1543;1159;384;0;705;705;0;0;0;8;697;70;125;279;89;40;49;11;11;3;2;5;0;5;3;2;0;3;9;696;60;131;244;82;55;54;24;12;13;3;1;1;0;8;0;2;1;0;5;
120540000000;Potsdam, Stadt;61;1205400000007111;STIMMBEZIRK;Stern 11;7111;1003;634;369;0;464;459;5;5;0;9;455;55;71;173;43;32;47;9;5;0;1;11;4;1;3;0;0;0;10;454;71;72;139;56;29;50;9;5;5;0;0;0;0;10;5;1;1;1;0;
120540000000;Potsdam, Stadt;61;1205400000007113;STIMMBEZIRK;Stern 13;7113;1166;755;411;0;592;586;6;6;0;6;586;64;52;220;47;66;95;11;4;3;4;9;3;1;3;0;0;4;5;587;75;63;163;62;74;100;8;12;2;1;1;5;1;7;2;2;3;2;4;
120540000000;Potsdam, Stadt;61;1205400000007202;STIMMBEZIRK;Drewitz 02;7202;1102;762;340;0;386;384;2;2;0;3;383;36;72;150;37;13;48;8;3;2;2;3;0;7;0;1;0;1;4;382;37;72;106;55;18;44;24;5;4;0;2;1;0;2;0;2;3;1;6;
120540000000;Potsdam, Stadt;61;1205400000007301;STIMMBEZIRK;Kirchsteigfeld 01;7301;958;654;304;0;471;467;4;4;0;7;464;48;74;155;47;34;62;11;11;0;0;18;0;0;1;2;0;1;7;464;48;72;126;53;38;60;24;10;9;1;0;1;1;16;0;3;0;1;1;
120540000000;Potsdam, Stadt;61;1205400000007302;STIMMBEZIRK;Kirchsteigfeld 02;7302;980;732;248;0;501;499;2;2;0;1;500;40;92;185;40;46;58;8;10;1;2;12;1;0;1;2;0;2;4;497;42;93;143;51;55;49;17;11;6;1;2;3;1;15;1;3;0;2;2;
120540000000;Potsdam, Stadt;61;1205400000008402;STIMMBEZIRK;Fahrland 02;8402;1048;638;410;0;465;459;6;6;0;4;461;64;72;138;33;61;57;7;9;0;2;13;0;0;0;5;0;0;3;462;79;77;110;38;65;50;16;4;7;1;0;0;0;11;0;2;2;0;0;
120540000000;Potsdam, Stadt;61;1205400000008602;STIMMBEZIRK;Groß Glienicke 02;8602;1183;671;512;0;570;562;8;8;0;3;567;134;39;167;26;55;99;8;17;2;0;12;1;6;1;0;0;0;2;568;128;48;116;32;80;114;10;4;9;0;2;0;0;14;0;2;2;2;5;
120540000000;Potsdam, Stadt;61;1205400000008603;STIMMBEZIRK;Groß Glienicke 03;8603;866;562;304;0;469;464;5;5;0;5;464;100;31;152;28;63;70;3;4;0;0;8;1;3;1;0;0;0;6;463;88;36;121;38;79;61;18;1;5;0;0;0;0;8;1;2;3;0;2;
120540000000;Potsdam, Stadt;61;1205400000009055;BRIEFWAHLBEZIRK;Potsdam Briefwahlbezirk 9055;9055;0;0;0;0;842;0;842;0;0;8;834;114;40;258;80;82;197;14;13;0;7;11;7;2;4;3;0;2;6;836;114;48;215;97;90;192;27;16;11;1;0;1;0;9;6;3;1;5;0;
120540000000;Potsdam, Stadt;61;1205400000009056;BRIEFWAHLBEZIRK;Potsdam Briefwahlbezirk 9056;9056;0;0;0;0;947;0;947;0;0;5;942;169;54;314;46;111;194;9;15;1;3;12;4;6;3;1;0;0;7;940;208;47;237;63;95;207;16;7;18;2;1;2;0;14;2;7;1;4;9;
120540000000;Potsdam, Stadt;61;1205400000009058;BRIEFWAHLBEZIRK;Potsdam Briefwahlbezirk 9058;9058;0;0;0;0;865;0;865;0;0;6;859;100;50;323;62;66;196;15;11;2;4;16;1;4;6;1;0;2;6;859;103;61;252;88;72;200;21;16;9;1;2;3;0;17;4;2;1;4;3;
120540000000;Potsdam, Stadt;61;1205400000009059;BRIEFWAHLBEZIRK;Potsdam Briefwahlbezirk 9059;9059;0;0;0;0;799;0;799;0;0;6;793;91;34;245;41;79;238;19;15;0;4;6;4;7;4;4;0;2;5;794;94;35;201;59;93;240;22;11;13;0;0;3;0;5;1;3;2;2;10;
120540000000;Potsdam, Stadt;61;1205400000009061;BRIEFWAHLBEZIRK;Potsdam Briefwahlbezirk 9061;9061;0;0;0;0;691;0;691;0;0;2;689;78;34;213;69;63;169;8;12;4;4;12;5;7;3;6;0;2;3;688;75;32;166;88;88;167;20;12;8;0;1;4;0;11;4;3;1;4;4;
120540000000;Potsdam, Stadt;61;1205400000009064;BRIEFWAHLBEZIRK;Potsdam Briefwahlbezirk 9064;9064;0;0;0;0;930;0;930;0;0;6;924;167;36;271;74;129;201;7;9;3;5;4;4;7;5;1;0;1;4;926;158;44;195;103;148;220;16;7;9;0;5;4;0;1;5;1;3;2;5;
120540000000;Potsdam, Stadt;61;1205400000009070;BRIEFWAHLBEZIRK;Potsdam Briefwahlbezirk 9070;9070;0;0;0;0;773;0;773;0;0;4;769;41;11;211;81;39;323;16;6;4;8;12;1;3;12;1;0;0;2;771;52;14;152;117;41;336;9;10;1;0;2;6;0;17;1;3;5;1;4;
120540000000;Potsdam, Stadt;61;1205400000009073;BRIEFWAHLBEZIRK;Potsdam Briefwahlbezirk 9073;9073;0;0;0;0;569;0;569;0;0;3;566;66;19;165;65;49;159;7;11;1;3;5;6;5;4;1;0;0;2;567;67;22;141;84;55;154;6;5;9;0;3;6;0;5;6;1;0;0;3;
120540000000;Potsdam, Stadt;61;1205400000009074;BRIEFWAHLBEZIRK;Potsdam Briefwahlbezirk 9074;9074;0;0;0;0;820;0;820;0;0;4;816;56;42;276;120;45;207;12;14;3;7;11;3;8;10;2;0;0;4;816;61;49;217;161;52;208;18;11;8;0;2;3;0;11;3;2;3;2;5;
120540000000;Potsdam, Stadt;61;1205400000009081;BRIEFWAHLBEZIRK;Potsdam Briefwahlbezirk 9081;9081;0;0;0;0;578;0;578;0;0;2;576;45;36;194;75;39;135;15;6;2;4;7;5;4;4;4;0;1;3;575;46;42;165;74;53;136;8;15;6;0;2;3;1;8;2;3;1;4;6;
120540000000;Potsdam, Stadt;61;1205400000009084;BRIEFWAHLBEZIRK;Potsdam Briefwahlbezirk 9084;9084;0;0;0;0;874;0;874;0;0;0;874;145;33;271;46;88;239;10;10;2;4;9;3;9;4;1;0;0;1;873;146;38;193;75;120;249;10;7;11;0;0;2;0;12;1;1;1;0;7;
120540000000;Potsdam, Stadt;61;1205400000009085;BRIEFWAHLBEZIRK;Potsdam Briefwahlbezirk 9085;9085;0;0;0;0;943;0;943;0;0;2;941;150;23;254;63;96;276;18;16;3;3;15;4;11;6;2;0;1;3;940;152;32;201;83;109;281;12;15;15;2;4;3;0;15;3;2;0;1;10;
120540000000;Potsdam, Stadt;61;1205400000009087;BRIEFWAHLBEZIRK;Potsdam Briefwahlbezirk 9087;9087;0;0;0;0;811;0;811;0;0;4;807;70;32;206;81;69;299;14;5;1;3;8;1;6;5;7;0;0;2;809;83;29;167;91;72;302;18;10;5;1;2;3;0;9;0;4;3;3;7;
120540000000;Potsdam, Stadt;61;1205400000009091;BRIEFWAHLBEZIRK;Potsdam Briefwahlbezirk 9091;9091;0;0;0;0;513;0;513;0;0;1;512;31;9;130;52;62;186;13;5;0;3;5;4;8;4;0;0;0;0;513;42;15;95;66;72;176;10;6;6;0;0;1;0;5;4;3;3;2;7;
120540000000;Potsdam, Stadt;61;1205400000009092;BRIEFWAHLBEZIRK;Potsdam Briefwahlbezirk 9092;9092;0;0;0;0;748;0;748;0;0;3;745;58;27;199;71;52;273;23;8;0;8;5;2;6;6;4;0;3;3;745;69;34;144;83;57;297;14;18;6;0;0;3;0;10;0;2;3;0;5;
120540000000;Potsdam, Stadt;61;1205400000009094;BRIEFWAHLBEZIRK;Potsdam Briefwahlbezirk 9094;9094;0;0;0;0;453;0;453;0;0;1;452;37;28;124;54;24;147;14;8;1;2;6;0;1;5;1;0;0;1;452;35;29;98;61;27;158;8;14;5;1;1;3;0;8;0;1;2;0;1;
120540000000;Potsdam, Stadt;61;1205400000009095;BRIEFWAHLBEZIRK;Potsdam Briefwahlbezirk 9095;9095;0;0;0;0;884;0;884;0;0;14;870;92;60;337;91;71;148;14;27;2;0;8;3;5;3;7;0;2;8;876;110;65;262;112;60;187;17;13;21;1;2;1;0;10;0;3;1;6;5;
120540000000;Potsdam, Stadt;61;1205400000009097;BRIEFWAHLBEZIRK;Potsdam Briefwahlbezirk 9097;9097;0;0;0;0;579;0;579;0;0;3;576;41;65;191;78;41;96;19;15;0;5;5;2;4;4;3;1;6;4;575;46;73;158;93;37;92;19;15;14;1;0;5;0;4;3;5;3;1;6;
120540000000;Potsdam, Stadt;61;1205400000009099;BRIEFWAHLBEZIRK;Potsdam Briefwahlbezirk 9099;9099;0;0;0;0;856;0;856;0;0;4;852;88;75;367;70;65;126;9;18;3;5;10;3;6;1;3;0;3;3;853;106;73;274;106;78;123;23;9;16;4;1;2;0;12;2;7;3;5;9;
120540000000;Potsdam, Stadt;61;1205400000009104;BRIEFWAHLBEZIRK;Potsdam Briefwahlbezirk 9104;9104;0;0;0;0;714;0;714;0;0;11;703;118;36;314;61;44;89;9;14;1;1;5;1;2;2;3;1;2;10;704;121;51;242;86;49;104;15;2;14;0;1;0;2;5;0;1;1;7;3;
120540000000;Potsdam, Stadt;61;1205400000009106;BRIEFWAHLBEZIRK;Potsdam Briefwahlbezirk 9106;9106;0;0;0;0;522;0;522;0;0;11;511;47;44;248;58;27;36;9;14;4;3;8;0;6;1;3;1;2;11;511;67;41;194;83;38;35;17;6;6;0;1;3;0;8;1;3;2;3;3;
120540000000;Potsdam, Stadt;61;1205400000009109;BRIEFWAHLBEZIRK;Potsdam Briefwahlbezirk 9109;9109;0;0;0;0;659;0;659;0;0;3;656;82;59;247;62;57;78;15;24;3;0;13;1;7;3;3;1;1;3;656;74;74;221;69;60;70;22;15;17;1;0;2;0;12;1;3;3;5;7;
120540000000;Potsdam, Stadt;61;1205400000009110;BRIEFWAHLBEZIRK;Potsdam Briefwahlbezirk 9110;9110;0;0;0;0;617;0;617;0;0;2;615;67;42;274;79;29;75;13;12;1;3;9;0;6;1;0;1;3;4;613;69;48;231;97;40;61;19;8;10;0;1;0;1;10;3;1;6;3;5;
120540000000;Potsdam, Stadt;61;1205400000009111;BRIEFWAHLBEZIRK;Potsdam Briefwahlbezirk 9111;9111;0;0;0;0;524;0;524;0;0;3;521;48;50;191;60;43;73;17;17;1;2;8;1;5;1;3;1;0;3;521;62;50;151;71;48;64;20;13;14;2;0;1;0;7;1;5;3;4;5;
120540000000;Potsdam, Stadt;61;1205400000009112;BRIEFWAHLBEZIRK;Potsdam Briefwahlbezirk 9112;9112;0;0;0;0;482;0;482;0;0;6;476;54;31;182;62;48;60;10;9;0;4;5;2;4;0;0;1;4;4;478;57;30;144;75;55;60;20;8;5;0;0;1;0;4;2;3;1;7;6;
120540000000;Potsdam, Stadt;61;1205400000009120;BRIEFWAHLBEZIRK;Potsdam Briefwahlbezirk 9120;9120;0;0;0;0;284;0;284;0;0;0;284;57;14;75;16;24;70;2;15;1;2;5;2;0;0;1;0;0;0;284;44;20;59;17;46;75;6;3;8;0;0;1;0;5;0;0;0;0;0;
120690304304;Kleinmachnow;61;120690304304;GEMEINDE;Kleinmachnow;;15509;9108;6401;0;13905;7688;6217;31;0;75;13830;2994;684;4163;498;1586;3240;161;146;4;24;188;17;64;33;13;1;14;74;13831;2851;761;3210;788;2223;3232;191;95;120;9;3;21;1;191;14;21;22;16;62;
120690304304;Kleinmachnow;61;1206903043040004;STIMMBEZIRK;Kleinmachnow, Maxim Gorki Gesamtschule II;4;1090;667;423;0;523;518;5;5;0;6;517;124;21;165;13;67;101;12;6;0;0;4;1;1;2;0;0;0;5;518;122;24;127;28;90;102;5;8;4;1;0;0;0;4;1;1;0;0;1;
120690304304;Kleinmachnow;61;1206903043040008;STIMMBEZIRK;Kleinmachnow, Steinweg-Grundschule II;8;893;509;384;0;450;447;3;3;0;1;449;76;29;119;22;34;146;8;8;0;0;3;0;2;1;1;0;0;1;449;68;37;89;34;42;150;8;6;5;0;0;2;1;4;0;0;1;1;1;
120690304304;Kleinmachnow;61;1206903043040009;STIMMBEZIRK;Kleinmachnow, Kammerspiele;9;1041;620;421;0;551;549;2;2;0;3;548;90;26;178;15;72;148;5;3;0;0;9;0;0;0;2;0;0;1;550;97;27;139;27;91;141;4;4;4;1;0;0;0;9;1;2;0;0;3;
120690304304;Kleinmachnow;61;1206903043040010;STIMMBEZIRK;Kleinmachnow, Eigenherd-Schule I;10;1141;634;507;0;583;578;5;5;0;5;578;100;29;172;18;79;154;7;3;0;1;10;1;2;2;0;0;0;4;579;107;33;144;22;102;141;5;3;5;1;1;0;0;11;1;0;1;0;2;
120690304304;Kleinmachnow;61;1206903043040012;STIMMBEZIRK;Kleinmachnow, Bauhof;12;1088;659;429;0;586;583;3;3;0;3;583;133;25;160;18;77;144;7;5;1;1;8;1;3;0;0;0;0;3;583;135;30;113;31;100;143;4;2;7;0;1;0;0;11;0;3;0;0;3;
120690397397;Michendorf;61;120690397397;GEMEINDE;Michendorf;;10380;6717;3663;0;8896;5339;3557;27;0;50;8846;1480;1002;3034;480;811;1374;124;205;17;36;162;24;28;45;17;1;6;48;8848;1479;1083;2345;708;993;1410;216;108;199;7;13;26;4;139;20;25;17;30;26;
120690397397;Michendorf;61;1206903973970007;STIMMBEZIRK;Michendorf OT Stücken, Feuerwehr;7;403;294;109;0;234;234;0;0;0;2;232;46;37;77;12;21;24;5;5;0;1;4;0;0;0;0;0;0;3;231;37;39;59;23;31;24;5;4;3;0;1;0;0;5;0;0;0;0;0;
120690397397;Michendorf;61;1206903973970011;STIMMBEZIRK;Michendorf OT Wilhelmshorst II, Turnhalle;11;831;510;321;0;433;432;1;1;0;1;432;83;31;139;20;43;86;2;5;1;4;12;2;2;2;0;0;0;1;432;93;38;104;31;37;95;5;3;5;0;0;1;0;11;1;2;3;3;0;
120690397397;Michendorf;61;1206903973970012;STIMMBEZIRK;Michendorf OT Wilhelmshorst III, Hort;12;783;467;316;0;419;410;9;9;0;1;418;77;41;131;12;52;81;3;8;0;1;9;1;0;0;1;0;1;1;418;73;45;90;29;69;87;2;5;5;0;0;1;0;9;2;0;0;1;0;
120690397397;Michendorf;61;1206903973979010;BRIEFWAHLBEZIRK;Michendorf, Briefwahlbezirk I, GS Speiseraum;9010;0;0;0;0;720;0;720;0;0;1;719;100;55;316;38;53;99;13;19;2;4;7;2;4;2;4;0;1;1;719;110;60;253;59;66;109;18;6;17;0;2;3;0;7;1;1;2;1;4;
120690397397;Michendorf;61;1206903973979012;BRIEFWAHLBEZIRK;Michendorf, Briefwahlbezirk III, EMB I;9012;0;0;0;0;636;0;636;0;0;2;634;127;54;224;27;65;88;10;22;0;0;9;0;0;6;0;0;2;2;634;123;56;163;47;85;91;18;12;29;0;0;0;0;6;0;2;1;0;1;
120690397397;Michendorf;61;1206903973979013;BRIEFWAHLBEZIRK;Michendorf, Briefwahlbezirk IV, EMB II;9013;0;0;0;0;473;0;473;0;0;2;471;56;34;176;31;33;105;5;11;3;0;8;1;2;2;4;0;0;1;472;55;38;133;46;47;104;9;4;13;0;1;0;1;7;1;4;4;3;2;
120690454454;Nuthetal;61;120690454454;GEMEINDE;Nuthetal;;7372;4923;2449;0;6412;4050;2362;0;0;52;6360;993;695;2342;414;600;887;93;111;16;37;89;13;24;9;19;2;16;49;6363;986;747;1814;626;733;886;166;83;90;8;4;30;4;95;10;20;12;23;26;
120690454454;Nuthetal;61;1206904544540001;STIMMBEZIRK;Nuthetal OT Bergholz-Rehbrücke, Inst. für Getreideverarb.;1;1274;820;454;0;683;683;0;0;0;6;677;96;95;253;41;64;85;7;13;3;5;4;0;4;2;2;0;3;6;677;87;95;193;68;92;82;16;9;14;1;0;4;0;7;0;1;0;3;5;
120690454454;Nuthetal;61;1206904544540002;STIMMBEZIRK;Nuthetal OT Bergholz-Rehbrücke, Servicecenter;2;1207;688;519;0;576;576;0;0;0;2;574;97;50;171;47;60;107;9;9;3;4;10;1;4;1;0;0;1;1;575;98;55;138;62;69;112;6;7;8;0;0;2;0;11;1;1;1;1;3;
120690454454;Nuthetal;61;1206904544540010;STIMMBEZIRK;Nuthetal OT Tremsdorf, Alte Schule;10;193;143;50;0;122;122;0;0;0;1;121;24;16;39;4;13;17;1;7;0;0;0;0;0;0;0;0;0;0;122;21;21;30;10;13;17;2;5;0;0;1;0;0;0;1;0;0;1;0;
120690454454;Nuthetal;61;1206904544549017;BRIEFWAHLBEZIRK;Nuthetal, Briefwahl 9017;9017;0;0;0;0;944;0;944;0;0;7;937;167;54;374;74;76;131;17;16;6;2;9;1;2;2;4;1;1;5;939;161;65;275;133;92;132;26;11;16;1;2;2;0;11;3;2;0;3;4;
120690454454;Nuthetal;61;1206904544549019;BRIEFWAHLBEZIRK;Nuthetal, Briefwahl 9019;9019;0;0;0;0;537;0;537;0;0;3;534;100;48;199;32;46;70;6;12;1;3;8;2;3;0;0;0;4;3;534;103;56;153;44;56;74;11;4;13;0;0;2;2;7;0;2;2;2;3;
120690590590;Schwielowsee;61;120690590590;GEMEINDE;Schwielowsee;;8833;5568;3265;0;7436;4305;3131;4;0;66;7370;1200;743;2578;528;718;1070;91;170;15;30;139;9;25;20;16;2;16;58;7378;1191;836;2096;690;823;1100;140;75;152;10;7;25;3;142;10;16;9;24;29;
120690590590;Schwielowsee;61;1206905905901204;STIMMBEZIRK;Schwielowsee, OT Ferch, Rathaus;1204;743;471;272;0;327;327;0;0;0;3;324;54;39;119;20;33;33;6;4;1;0;12;1;0;0;0;1;1;4;323;51;48;100;26;31;39;9;4;1;0;1;0;1;11;0;0;0;0;1;
120690590590;Schwielowsee;61;1206905905901206;STIMMBEZIRK;Schwielowsee, OT Geltow I, Grundschule;1206;1373;802;571;0;631;631;0;0;0;5;626;112;87;213;38;63;68;3;11;0;0;24;1;3;1;1;0;1;4;627;118;96;172;41;74;66;13;3;14;1;0;0;0;23;0;0;1;1;4;
120690590590;Schwielowsee;61;1206905905909033;BRIEFWAHLBEZIRK;Schwielowsee, Briefwahlbezirk 9033;9033;0;0;0;0;730;0;730;0;0;6;724;121;56;259;52;82;112;4;18;1;6;8;0;0;0;2;0;3;3;727;126;64;211;75;79;123;11;5;14;1;0;5;1;7;0;0;0;2;3;
120690590590;Schwielowsee;61;1206905905909034;BRIEFWAHLBEZIRK;Schwielowsee, Briefwahlbezirk 9034;9034;0;0;0;0;704;0;704;0;0;0;704;120;55;260;60;73;73;9;18;2;8;12;0;1;8;3;0;2;0;704;125;58;208;84;79;78;8;6;23;2;2;6;0;14;1;0;2;6;2;
120690604604;Stahnsdorf;61;1206906046040001;STIMMBEZIRK;Stahnsdorf, Vicco-von-Bülow-Gymnasium (Mensa);1;600;413;187;0;323;323;0;0;0;5;318;52;28;103;17;41;54;4;10;1;2;2;1;2;1;0;0;0;5;318;42;32;81;27;50;63;5;3;9;0;0;0;0;2;0;0;2;0;2;
120690604604;Stahnsdorf;61;1206906046040002;STIMMBEZIRK;Stahnsdorf, Vicco-von-Bülow-Gymnasium (Aula);2;1010;784;226;0;459;459;0;0;0;3;456;49;111;144;34;40;35;8;7;2;1;18;1;2;0;3;0;1;3;456;46;120;112;48;40;36;19;2;10;1;0;1;0;14;1;1;0;4;1;
120690604604;Stahnsdorf;61;1206906046040004;STIMMBEZIRK;Stahnsdorf, JFZ ClaB;4;873;527;346;0;410;405;5;5;0;4;406;64;63;139;15;36;61;5;10;0;0;8;1;2;0;1;1;0;5;405;60;64;108;23;50;61;5;5;9;1;0;0;0;9;2;1;4;1;2;
120690604604;Stahnsdorf;61;1206906046040007;STIMMBEZIRK;Stahnsdorf, Lindenhof-Grundschule (Turnhalle);7;951;525;426;0;440;440;0;0;0;5;435;81;38;141;6;49;83;13;9;0;2;8;0;4;0;0;0;1;2;438;81;40;114;26;49;84;10;6;9;0;0;2;0;11;0;1;3;0;2;
120690604604;Stahnsdorf;61;1206906046049027;BRIEFWAHLBEZIRK;Stahnsdorf, Briefwahllokal 9027;9027;0;0;0;0;734;0;734;0;0;3;731;166;42;242;27;92;118;11;19;2;0;6;0;2;1;2;0;1;3;731;169;52;188;48;107;122;13;6;15;0;2;0;0;4;0;0;2;1;2;
120690616616;Teltow, Stadt;61;1206906166160001;STIMMBEZIRK;Teltow, Stadtverwaltung Neues Rathaus;1;1410;961;449;0;619;615;4;4;0;7;612;98;87;200;37;69;66;16;10;1;1;18;3;4;1;1;0;0;7;612;97;90;158;41;77;64;23;13;19;3;0;0;0;13;3;2;4;2;3;
120690616616;Teltow, Stadt;61;1206906166160005;STIMMBEZIRK;Teltow, Kita 'Rappelkiste', EKG 'Philantinos';5;1687;1099;588;0;755;755;0;0;0;9;746;101;115;275;34;49;116;15;14;0;4;10;3;5;2;0;1;2;11;744;89;118;216;50;75;109;32;10;14;1;0;3;0;12;0;5;1;4;5;
120690616616;Teltow, Stadt;61;1206906166160011;STIMMBEZIRK;Teltow, Grundschule Anne Frank II;11;1010;720;290;0;485;485;0;0;0;9;476;44;77;216;36;24;49;12;5;0;0;7;0;1;2;1;0;2;7;478;52;86;169;53;24;46;14;5;8;0;0;1;1;9;2;3;1;3;1;
120690616616;Teltow, Stadt;61;1206906166160014;STIMMBEZIRK;Teltow, Kita Sonnenblume;14;1616;989;627;0;852;849;3;3;0;2;850;190;68;255;27;122;148;12;11;1;0;6;1;4;3;0;0;2;2;850;171;68;201;30;151;164;14;16;18;0;1;0;0;4;1;7;1;1;2;
120690616616;Teltow, Stadt;61;1206906166160015;STIMMBEZIRK;Teltow, Hort Am Röthepfuhl Ruhlsdorf;15;1304;844;460;0;671;671;0;0;0;7;664;126;107;189;37;82;79;12;15;0;2;9;0;3;2;1;0;0;6;665;110;114;162;39;97;78;17;6;17;3;1;1;0;8;2;3;4;0;3;
120690616616;Teltow, Stadt;61;1206906166169038;BRIEFWAHLBEZIRK;Teltow, Briefwahlbezirk III;9038;0;0;0;0;993;0;993;0;0;8;985;166;60;380;49;105;155;19;20;0;6;8;2;9;1;1;0;4;5;988;156;71;297;67;122;174;36;13;21;0;0;2;0;9;1;4;1;6;8;
120690616616;Teltow, Stadt;61;1206906166169039;BRIEFWAHLBEZIRK;Teltow, Briefwahlbezirk IV;9039;0;0;0;0;792;0;792;0;0;8;784;163;47;288;44;77;108;20;15;1;4;9;1;6;0;0;0;1;8;784;157;50;231;54;101;119;26;7;16;0;0;1;0;8;1;2;3;1;7;
120720240240;Ludwigsfelde, Stadt;61;120720240240;GEMEINDE;Ludwigsfelde, Stadt;;21253;14848;6405;0;15950;9967;5983;36;0;249;15701;2169;2127;6081;1156;1365;1446;287;531;29;57;219;32;49;45;49;2;57;304;15646;2140;2207;4957;1450;1562;1441;531;228;505;42;27;39;13;219;24;73;43;100;45;
120720240240;Ludwigsfelde, Stadt;61;1207202402400001;STIMMBEZIRK;Ludwigsfelde, DRK City-Treff;1;933;534;399;0;408;407;1;1;0;3;405;63;62;147;36;44;31;4;11;0;0;5;0;0;0;1;0;1;5;403;65;59;119;46;42;30;15;4;13;1;2;0;0;4;0;1;2;0;0;
120720240240;Ludwigsfelde, Stadt;61;1207202402400002;STIMMBEZIRK;Ludwigsfelde, Theodor-Fontane-Grundschule (Speiseraum);2;1006;770;236;0;449;447;2;2;0;10;439;31;81;158;34;34;54;14;15;1;1;10;1;1;1;1;0;2;15;434;26;89;139;33;37;46;19;9;13;2;1;2;0;10;0;4;1;1;2;
120720240240;Ludwigsfelde, Stadt;61;1207202402400004;STIMMBEZIRK;Ludwigsfelde, Marie-Curie-Gymnasium (Raum 122);4;964;583;381;0;507;507;0;0;0;4;503;56;52;156;127;37;40;4;14;2;2;7;1;2;2;0;0;1;7;500;52;47;131;128;51;39;14;4;17;2;1;2;1;5;1;1;1;2;1;
120720240240;Ludwigsfelde, Stadt;61;1207202402400006;STIMMBEZIRK;Ludwigsfelde, Gebrüder-Grimm-Grundschule (Turnhalle);6;1553;933;620;0;740;735;5;5;0;15;725;99;108;302;54;48;64;6;28;1;1;7;0;2;2;0;0;3;19;721;118;112;227;68;60;72;12;6;24;1;1;1;0;9;2;1;1;3;3;
120720240240;Ludwigsfelde, Stadt;61;1207202402400017;STIMMBEZIRK;Ludwigsfelde, Kleeblatt Grundschule (Turnhalle II);17;1068;889;179;0;417;416;1;1;0;11;406;29;119;142;44;26;17;8;10;0;0;5;0;2;0;1;0;3;13;404;35;109;113;47;24;11;29;9;12;4;0;1;1;3;0;0;3;3;0;
120720240240;Ludwigsfelde, Stadt;61;1207202402400024;STIMMBEZIRK;Ludwigsfelde, OT Siethen, Gemeindehaus Siethen;24;605;404;201;0;303;303;0;0;0;3;300;58;48;101;13;26;26;6;9;1;0;8;2;1;0;0;0;1;7;296;56;48;77;20;31;23;11;5;8;0;1;1;0;8;1;2;3;0;1;
120720240240;Ludwigsfelde, Stadt;61;1207202402400028;STIMMBEZIRK;Ludwigsfelde, OT Genhagen, Freiwillige Feuerwehr Genshagen;28;1047;761;286;0;525;524;1;1;0;10;515;76;84;174;29;57;45;12;16;1;3;4;0;2;3;4;0;5;7;518;76;89;140;37;63;52;21;12;12;1;0;2;0;7;0;2;2;2;0;
120720240240;Ludwigsfelde, Stadt;61;1207202402400030;STIMMBEZIRK;Ludwigsfelde, OT Ahrensdorf, Freiwillige Feuerwehr Ahrensdorf;30;778;526;252;0;406;405;1;1;0;4;402;73;70;123;11;39;42;9;20;0;0;6;0;1;4;1;0;3;7;399;67;73;104;18;39;45;8;12;22;1;0;0;0;4;0;2;0;2;2;
120720240240;Ludwigsfelde, Stadt;61;1207202402400031;STIMMBEZIRK;Ludwigsfelde, OT Groß Schulzendorf, Bürgerhaus Dorfmitte Groß Schulzendorf;31;472;336;136;0;266;266;0;0;0;4;262;37;53;82;6;38;19;5;10;0;0;6;1;0;3;1;0;1;11;255;37;55;67;8;38;13;12;4;9;1;0;0;0;6;0;2;1;2;0;
120720240240;Ludwigsfelde, Stadt;61;1207202402400032;STIMMBEZIRK;Ludwigsfelde, Kita-Schwalbennest;32;1391;896;495;0;784;779;5;5;0;8;776;178;88;206;17;119;115;8;28;0;0;8;2;3;2;2;0;0;7;777;169;91;145;29;142;127;19;6;24;0;1;0;0;8;1;2;5;4;4;
120720240240;Ludwigsfelde, Stadt;61;1207202402409049;BRIEFWAHLBEZIRK;Ludwigsfelde, Briefwahl VII;9049;0;0;0;0;420;0;420;0;0;5;415;79;35;128;16;57;49;9;16;0;3;6;1;2;3;8;1;2;3;417;82;35;112;23;54;52;14;5;16;0;0;1;0;10;1;0;3;7;2;
;;61;61;WAHLKREIS;Potsdam – Potsdam-Mittelmark II – Teltow-Fläming II;;232797;149187;83610;0;190547;110245;80302;619;0;1702;188845;26050;17302;64271;14701;16872;35452;3367;3439;369;804;3019;458;1004;845;442;57;393;1662;188885;26287;18658;50965;19110;20210;35865;4562;2795;3115;239;271;575;79;2977;368;705;469;613;1022;
120540000000;Potsdam, Stadt;61;1205400000002202;STIMMBEZIRK;Jägervorstadt 02;2202;1209;682;527;0;545;543;2;2;0;1;544;59;41;170;48;48;140;5;6;2;3;9;1;6;3;1;0;2;3;542;59;46;133;55;61;143;11;2;6;0;0;3;0;13;0;2;2;0;6;
120540000000;Potsdam, Stadt;61;1205400000002301;STIMMBEZIRK;Berliner Vorstadt 01;2301;1225;627;598;0;496;487;9;9;0;0;496;147;32;116;22;68;84;5;5;0;0;12;0;1;4;0;0;0;1;495;130;41;87;28;108;77;3;5;2;0;0;0;0;7;1;1;2;0;3;
120540000000;Potsdam, Stadt;61;1205400000003101;STIMMBEZIRK;Brandenburger Vorstadt 01;3101;1155;702;453;0;487;482;5;5;0;7;480;44;37;171;49;25;103;20;9;0;3;7;2;3;4;2;0;1;7;480;50;38;145;62;29;97;6;21;4;1;1;2;0;10;2;6;2;3;1;
120540000000;Potsdam, Stadt;61;1205400000003106;STIMMBEZIRK;Brandenburger Vorstadt 06;3106;1153;613;540;0;544;531;13;13;0;2;542;36;15;123;59;33;226;11;3;0;10;15;1;2;8;0;0;0;0;544;35;14;99;87;40;216;7;8;5;1;0;9;1;16;2;1;0;1;2;
120540000000;Potsdam, Stadt;61;1205400000003108;STIMMBEZIRK;Brandenburger Vorstadt 08;3108;1080;646;434;0;570;562;8;8;0;9;561;32;31;138;78;18;197;11;2;2;6;31;1;4;8;0;1;1;6;564;34;35;100;91;27;206;9;8;1;0;1;6;1;35;1;1;2;0;6;
120540000000;Potsdam, Stadt;61;1205400000003204;STIMMBEZIRK;Potsdam West 04;3204;1256;833;423;0;620;616;4;4;0;8;612;41;63;221;73;36;120;20;7;1;1;12;3;7;1;4;2;0;9;611;47;60;180;99;38;110;19;18;6;0;1;1;3;15;1;2;3;6;2;
120540000000;Potsdam, Stadt;61;1205400000004104;STIMMBEZIRK;Historische Innenstadt 04;4104;959;590;369;0;428;426;2;2;0;5;423;35;23;131;46;30;116;6;5;1;5;10;2;5;7;0;0;1;5;423;32;23;108;65;42;110;10;8;4;1;0;3;0;8;1;1;3;1;3;
120540000000;Potsdam, Stadt;61;1205400000004106;STIMMBEZIRK;Historische Innenstadt 06;4106;944;563;381;0;374;372;2;2;0;6;368;35;36;97;38;42;92;5;3;0;2;6;4;4;3;1;0;0;6;368;36;40;80;50;43;87;5;8;3;0;1;1;0;6;4;1;0;1;2;
120540000000;Potsdam, Stadt;61;1205400000004108;STIMMBEZIRK;Historische Innenstadt 08;4108;1156;698;458;0;565;561;4;4;0;4;561;40;36;125;68;47;179;19;2;1;3;23;1;5;10;0;0;2;6;559;38;38;96;73;55;185;18;13;3;0;1;2;0;24;0;0;6;2;5;
120540000000;Potsdam, Stadt;61;1205400000004304;STIMMBEZIRK;Zentrum Ost und Nuthepark 04;4304;1324;949;375;0;636;635;1;1;0;8;628;56;69;303;67;32;59;12;7;3;1;7;2;5;1;1;0;3;7;629;62;72;252;87;30;75;13;14;8;0;1;0;0;7;1;3;0;2;2;
120540000000;Potsdam, Stadt;61;1205400000004401;STIMMBEZIRK;Hauptbahnhof und Brauhausberg Nord 01;4401;1537;862;675;0;533;525;8;8;0;4;529;46;39;166;44;49;146;11;7;0;6;6;2;2;3;1;1;0;5;528;57;40;115;51;55;153;13;15;7;1;0;2;1;7;2;4;1;2;2;
120540000000;Potsdam, Stadt;61;1205400000004402;STIMMBEZIRK;Hauptbahnhof und Brauhausberg Nord 02;4402;863;485;378;0;406;403;3;3;0;2;404;63;15;86;45;52;103;20;6;0;0;11;1;0;1;0;0;1;2;404;59;17;59;53;58;102;11;15;4;0;0;4;0;12;0;4;4;1;1;
120540000000;Potsdam, Stadt;61;1205400000005203;STIMMBEZIRK;Babelsberg Nord 03;5203;1220;683;537;0;596;592;4;4;0;0;596;66;37;163;49;76;175;7;1;0;3;14;0;2;3;0;0;0;0;596;85;42;135;55;79;167;6;4;2;0;0;2;0;12;0;1;0;0;6;
120540000000;Potsdam, Stadt;61;1205400000005205;STIMMBEZIRK;Babelsberg Nord 05;5205;1191;702;489;0;597;588;9;9;0;9;588;36;32;184;58;35;206;3;4;0;2;14;2;3;7;2;0;0;11;586;42;37;130;86;55;191;16;3;1;0;0;0;0;11;3;4;1;1;5;
120540000000;Potsdam, Stadt;61;1205400000005303;STIMMBEZIRK;Babelsberg Süd 03;5303;1139;730;409;0;593;589;4;4;0;5;588;60;50;203;57;49;122;11;9;2;2;12;1;3;6;0;0;1;4;589;63;55;156;69;57;126;18;15;4;1;3;0;0;12;0;2;1;1;6;
120540000000;Potsdam, Stadt;61;1205400000005305;STIMMBEZIRK;Babelsberg Süd 05;5305;1274;798;476;0;590;589;1;1;0;2;588;55;74;183;84;41;108;11;6;3;3;8;2;4;4;1;0;1;2;588;58;85;168;97;28;99;16;8;8;0;2;5;0;8;1;2;1;0;2;
120540000000;Potsdam, Stadt;61;1205400000005306;STIMMBEZIRK;Babelsberg Süd 06;5306;1139;602;537;0;541;527;14;14;0;1;540;49;30;157;36;53;174;10;4;1;3;7;1;8;3;4;0;0;1;540;40;30;114;63;74;172;8;8;5;1;0;1;0;7;1;4;2;1;9;
120540000000;Potsdam, Stadt;61;1205400000006202;STIMMBEZIRK;Teltower Vorstadt 02;6202;1076;616;460;0;478;478;0;0;0;3;475;54;44;194;32;29;92;9;7;0;2;7;0;3;2;0;0;0;3;475;53;51;153;52;37;87;10;11;7;0;0;1;0;5;0;1;0;0;7;
120540000000;Potsdam, Stadt;61;1205400000006503;STIMMBEZIRK;Waldstadt II 03;6503;2199;1526;673;0;892;885;7;7;0;16;876;61;157;313;109;58;86;29;18;4;8;13;4;6;3;2;0;5;16;876;70;168;239;139;65;80;28;20;18;2;4;6;0;14;1;11;4;3;4;
120540000000;Potsdam, Stadt;61;1205400000006507;STIMMBEZIRK;Waldstadt II 07;6507;921;699;222;0;472;471;1;1;0;4;468;37;99;165;53;27;53;6;6;2;7;5;1;3;2;1;0;1;2;470;42;95;126;65;28;53;19;13;11;2;0;7;0;3;1;2;1;0;2;
120540000000;Potsdam, Stadt;61;1205400000007101;STIMMBEZIRK;Stern 01;7101;1273;768;505;0;573;563;10;10;0;3;570;70;69;212;55;48;82;6;5;0;6;6;3;2;3;2;1;0;4;569;88;79;167;69;48;82;15;3;6;1;0;4;1;2;0;2;0;0;2;
120540000000;Potsdam, Stadt;61;1205400000007102;STIMMBEZIRK;Stern 02;7102;1093;761;332;0;497;491;6;6;0;5;492;46;77;182;67;40;36;11;18;1;0;4;2;3;0;0;0;5;5;492;47;78;155;77;34;36;16;9;18;4;1;0;0;6;2;4;0;1;4;
120540000000;Potsdam, Stadt;61;1205400000007103;STIMMBEZIRK;Stern 03;7103;1137;785;352;0;547;544;3;3;0;9;538;54;75;218;63;50;45;11;6;1;1;8;0;2;2;0;0;2;8;539;67;82;187;67;43;51;14;4;8;0;1;0;0;8;0;0;0;6;1;
120540000000;Potsdam, Stadt;61;1205400000007205;STIMMBEZIRK;Drewitz 05;7205;1405;1072;333;0;629;626;3;3;0;6;623;48;136;243;53;43;48;11;11;3;1;9;2;5;1;2;0;7;4;625;50;145;201;72;47;39;14;13;10;2;3;0;0;13;1;5;2;1;7;
120540000000;Potsdam, Stadt;61;1205400000007303;STIMMBEZIRK;Kirchsteigfeld 03;7303;1115;784;331;0;624;622;2;2;0;5;619;67;91;240;54;58;74;9;3;2;0;15;3;2;0;0;0;1;3;621;79;96;190;69;59;71;19;7;4;0;1;0;0;14;3;3;2;2;2;
120540000000;Potsdam, Stadt;61;1205400000007304;STIMMBEZIRK;Kirchsteigfeld 04;7304;629;445;184;0;337;332;5;5;0;5;332;40;43;108;35;28;46;7;10;1;1;10;1;1;0;0;0;1;5;332;34;42;86;48;35;41;15;3;10;0;0;1;1;8;0;4;0;3;1;
120540000000;Potsdam, Stadt;61;1205400000008101;STIMMBEZIRK;Uetz-Paaren 01;8101;351;247;104;0;181;181;0;0;0;3;178;22;41;50;8;18;20;5;7;0;0;7;0;0;0;0;0;0;4;177;19;44;39;12;17;19;4;6;9;1;0;1;0;5;0;0;0;0;1;
120540000000;Potsdam, Stadt;61;1205400000008401;STIMMBEZIRK;Fahrland 01;8401;1610;999;611;0;734;733;1;1;0;6;728;111;105;241;59;62;85;15;17;0;3;21;0;4;1;2;0;2;5;729;102;119;194;59;85;85;26;14;8;1;0;1;0;18;0;3;7;4;3;
120540000000;Potsdam, Stadt;61;1205400000009057;BRIEFWAHLBEZIRK;Potsdam Briefwahlbezirk 9057;9057;0;0;0;0;887;0;887;0;0;0;887;114;33;313;59;69;248;14;18;1;4;3;3;2;3;2;0;1;0;887;130;32;274;68;81;234;15;17;12;2;2;2;0;6;2;1;4;2;3;
120540000000;Potsdam, Stadt;61;1205400000009063;BRIEFWAHLBEZIRK;Potsdam Briefwahlbezirk 9063;9063;0;0;0;0;590;0;590;0;0;2;588;65;41;168;50;56;162;13;12;0;2;4;1;7;2;4;0;1;2;588;65;40;130;57;69;169;15;10;11;0;0;1;0;4;1;2;5;1;8;
120540000000;Potsdam, Stadt;61;1205400000009068;BRIEFWAHLBEZIRK;Potsdam Briefwahlbezirk 9068;9068;0;0;0;0;794;0;794;0;0;2;792;79;26;267;77;48;233;14;10;1;2;13;5;8;6;1;0;2;5;789;78;38;202;94;51;240;15;19;15;0;1;4;0;11;3;2;3;2;11;
120540000000;Potsdam, Stadt;61;1205400000009071;BRIEFWAHLBEZIRK;Potsdam Briefwahlbezirk 9071;9071;0;0;0;0;829;0;829;0;0;4;825;62;42;287;101;32;232;8;12;0;7;11;3;7;16;3;0;2;2;827;72;39;226;137;45;234;13;18;5;1;0;8;1;14;5;0;2;0;7;
120540000000;Potsdam, Stadt;61;1205400000009072;BRIEFWAHLBEZIRK;Potsdam Briefwahlbezirk 9072;9072;0;0;0;0;776;0;776;0;0;7;769;61;25;251;90;40;212;24;10;0;8;20;2;0;15;6;4;1;7;769;65;26;201;143;31;205;25;18;11;1;1;5;2;25;1;2;2;1;4;
120540000000;Potsdam, Stadt;61;1205400000009077;BRIEFWAHLBEZIRK;Potsdam Briefwahlbezirk 9077;9077;0;0;0;0;805;0;805;0;0;4;801;57;20;230;81;65;283;15;12;2;4;7;3;13;8;1;0;0;3;802;64;27;155;121;64;294;11;21;10;0;1;4;0;12;4;1;0;2;11;
120540000000;Potsdam, Stadt;61;1205400000009079;BRIEFWAHLBEZIRK;Potsdam Briefwahlbezirk 9079;9079;0;0;0;0;914;0;914;0;0;6;908;76;43;283;77;72;282;13;14;6;10;15;2;8;2;4;0;1;3;911;83;53;216;116;85;265;24;10;13;0;2;3;1;16;1;5;3;5;10;
120540000000;Potsdam, Stadt;61;1205400000009083;BRIEFWAHLBEZIRK;Potsdam Briefwahlbezirk 9083;9083;0;0;0;0;366;0;366;0;0;4;362;61;9;77;29;42;119;6;6;0;2;5;0;3;3;0;0;0;4;362;64;11;56;38;43;121;6;7;4;0;0;2;0;5;0;1;2;0;2;
120540000000;Potsdam, Stadt;61;1205400000009090;BRIEFWAHLBEZIRK;Potsdam Briefwahlbezirk 9090;9090;0;0;0;0;831;0;831;0;0;5;826;87;42;276;84;56;208;18;13;5;4;11;3;7;9;1;0;2;5;826;92;44;221;111;65;212;23;13;14;0;4;0;0;14;3;1;0;2;7;
120540000000;Potsdam, Stadt;61;1205400000009101;BRIEFWAHLBEZIRK;Potsdam Briefwahlbezirk 9101;9101;0;0;0;0;624;0;624;0;0;4;620;54;50;279;98;21;69;10;12;2;6;9;0;2;0;5;2;1;6;618;55;51;232;120;30;74;21;8;9;0;1;1;1;8;2;1;0;3;1;
120540000000;Potsdam, Stadt;61;1205400000009102;BRIEFWAHLBEZIRK;Potsdam Briefwahlbezirk 9102;9102;0;0;0;0;740;0;740;0;0;7;733;52;77;286;110;43;73;24;24;4;7;14;2;9;2;1;1;4;7;733;64;75;238;139;42;76;33;13;13;2;3;6;1;13;1;6;1;3;4;
120540000000;Potsdam, Stadt;61;1205400000009103;BRIEFWAHLBEZIRK;Potsdam Briefwahlbezirk 9103;9103;0;0;0;0;789;0;789;0;0;6;783;100;68;311;92;52;97;14;21;1;4;4;3;4;4;4;0;4;1;788;103;72;251;114;74;98;21;13;21;2;4;3;1;1;1;3;0;2;4;
120540000000;Potsdam, Stadt;61;1205400000009107;BRIEFWAHLBEZIRK;Potsdam Briefwahlbezirk 9107;9107;0;0;0;0;893;0;893;0;0;8;885;127;52;308;83;107;138;15;18;5;2;13;2;3;3;4;1;4;6;887;134;68;262;105;112;136;16;13;11;1;4;1;1;9;0;1;3;5;5;
120540000000;Potsdam, Stadt;61;1205400000009115;BRIEFWAHLBEZIRK;Potsdam Briefwahlbezirk 9115;9115;0;0;0;0;110;0;110;0;0;1;109;20;10;39;13;7;14;1;0;1;0;4;0;0;0;0;0;0;1;109;15;10;30;12;12;18;4;1;0;0;1;0;0;6;0;0;0;0;0;
120690304304;Kleinmachnow;61;1206903043040003;STIMMBEZIRK;Kleinmachnow, Maxim Gorki Gesamtschule I;3;1096;697;399;0;522;522;0;0;0;7;515;78;71;194;18;39;92;10;3;0;0;6;1;2;1;0;0;0;8;514;74;71;141;33;58;100;11;9;5;1;0;0;0;7;0;1;0;1;2;
120690304304;Kleinmachnow;61;1206903043040011;STIMMBEZIRK;Kleinmachnow, Eigenherd-Schule II;11;1119;637;482;0;565;559;6;6;0;2;563;111;18;132;25;82;165;10;3;0;1;9;1;5;1;0;0;0;2;563;108;19;93;31;112;165;6;6;2;2;0;2;0;8;2;0;1;1;5;
120690304304;Kleinmachnow;61;1206903043040013;STIMMBEZIRK;Kleinmachnow, Kita Karl-Marx-Straße;13;1031;575;456;0;489;487;2;2;0;4;485;121;33;133;7;63;112;3;3;0;3;3;1;1;2;0;0;0;4;485;111;37;94;17;80;119;8;2;3;0;0;3;0;6;1;0;1;1;2;
120690304304;Kleinmachnow;61;1206903043040014;STIMMBEZIRK;Kleinmachnow, Weinberg-Gymnasium;14;923;510;413;0;406;406;0;0;0;1;405;101;30;121;9;53;74;5;4;1;0;3;3;1;0;0;0;0;2;404;97;31;97;16;67;76;10;2;4;0;0;0;0;3;0;0;0;0;1;
120690304304;Kleinmachnow;61;1206903043049001;BRIEFWAHLBEZIRK;Kleinmachnow, Briefwahlbezirk I;9001;0;0;0;0;393;0;393;0;0;3;390;76;17;148;29;39;64;3;5;0;1;5;0;3;0;0;0;0;3;390;72;23;114;39;49;72;7;0;2;1;0;1;0;4;0;1;2;1;2;
120690304304;Kleinmachnow;61;1206903043049004;BRIEFWAHLBEZIRK;Kleinmachnow, Briefwahlbezirk IV;9004;0;0;0;0;775;0;775;0;0;8;767;162;27;214;32;89;214;0;9;0;3;11;0;3;2;0;0;1;4;771;158;31;154;49;129;224;8;0;6;0;0;2;0;7;1;1;0;0;1;
120690304304;Kleinmachnow;61;1206903043049005;BRIEFWAHLBEZIRK;Kleinmachnow, Briefwahlbezirk V;9005;0;0;0;0;782;0;782;0;0;4;778;144;30;254;24;77;206;7;8;1;4;11;1;5;2;3;0;1;4;778;131;30;210;36;106;209;13;10;7;0;0;3;0;16;0;1;0;0;6;
120690304304;Kleinmachnow;61;1206903043049008;BRIEFWAHLBEZIRK;Kleinmachnow, Briefwahlbezirk VIII;9008;0;0;0;0;743;0;743;0;0;1;742;183;21;212;21;100;163;9;11;1;0;9;0;6;4;2;0;0;0;743;156;34;173;39;141;160;12;3;7;0;1;1;0;6;1;1;3;2;3;
120690397397;Michendorf;61;1206903973970005;STIMMBEZIRK;Michendorf OT Michendorf II, Gymnasium;5;730;475;255;0;337;337;0;0;0;2;335;60;44;123;18;25;35;9;6;1;1;6;2;1;3;1;0;0;3;334;58;52;96;25;35;39;11;5;3;0;0;0;0;5;1;0;1;1;2;
120690397397;Michendorf;61;1206903973970008;STIMMBEZIRK;Michendorf OT Wildenbruch I, Turnhalle;8;884;618;266;0;515;515;0;0;0;4;511;86;99;153;33;44;55;7;13;0;2;12;0;3;3;0;0;1;3;512;93;105;110;39;54;60;13;9;11;2;0;1;0;7;0;3;0;1;4;
120690397397;Michendorf;61;1206903973979011;BRIEFWAHLBEZIRK;Michendorf, Briefwahlbezirk II, GS Speiseraum II;9011;0;0;0;0;551;0;551;0;0;4;547;96;43;200;37;41;91;14;8;0;2;7;2;1;4;1;0;0;4;547;90;51;161;56;47;90;15;7;11;0;2;3;0;6;2;2;0;2;2;
120690397397;Michendorf;61;1206903973979014;BRIEFWAHLBEZIRK;Michendorf, Briefwahlbezirk V, EMB III;9014;0;0;0;0;645;0;645;0;0;6;639;123;26;238;36;59;111;3;20;2;5;9;3;1;3;0;0;0;4;641;104;32;188;45;92;122;14;4;19;0;1;4;0;8;3;1;0;2;2;
120690397397;Michendorf;61;1206903973979015;BRIEFWAHLBEZIRK;Michendorf, Briefwahlbezirk VI, EMB IV;9015;0;0;0;0;505;0;505;0;0;2;503;90;45;185;28;40;85;4;6;0;1;9;3;3;2;2;0;0;1;504;87;48;136;44;49;98;13;3;10;0;0;1;1;9;2;0;1;2;0;
120690454454;Nuthetal;61;1206904544540006;STIMMBEZIRK;Nuthetal OT Saarmund, Schule Werkraum;6;637;483;154;0;376;376;0;0;0;7;369;51;65;109;27;46;41;3;10;0;3;12;0;0;0;0;0;2;5;371;60;63;91;29;47;46;10;2;4;1;0;3;1;8;0;1;4;1;0;
120690454454;Nuthetal;61;1206904544549018;BRIEFWAHLBEZIRK;Nuthetal, Briefwahl 9018;9018;0;0;0;0;881;0;881;0;0;6;875;114;58;377;46;91;137;15;5;0;6;10;2;5;1;7;1;0;7;874;125;62;296;82;105;129;17;12;6;1;0;8;0;14;2;6;0;4;5;
120690590590;Schwielowsee;61;1206905905901201;STIMMBEZIRK;Schwielowsee, OT Caputh, Bürgerhaus;1201;1404;864;540;0;630;630;0;0;0;10;620;93;67;213;39;73;90;6;13;0;5;12;0;5;3;0;0;1;8;622;92;82;162;61;97;79;11;3;11;0;1;2;0;13;2;0;0;1;5;
120690590590;Schwielowsee;61;1206905905901203;STIMMBEZIRK;Schwielowsee, OT Caputh, Gebäude Kita;1203;1113;681;432;0;531;531;0;0;0;6;525;86;39;188;32;49;98;13;5;2;2;6;0;2;1;2;0;0;5;526;90;42;151;41;56;102;8;11;6;2;0;3;1;8;0;0;2;1;2;
120690590590;Schwielowsee;61;1206905905909031;BRIEFWAHLBEZIRK;Schwielowsee, Briefwahlbezirk 9031;9031;0;0;0;0;931;0;931;0;0;5;926;135;68;361;72;72;161;9;22;4;1;11;1;3;3;1;1;1;5;926;134;81;293;105;80;160;21;10;16;1;1;0;0;7;1;4;1;5;6;
120690590590;Schwielowsee;61;1206905905909032;BRIEFWAHLBEZIRK;Schwielowsee, Briefwahlbezirk 9032;9032;0;0;0;0;762;0;762;0;0;5;757;99;66;259;47;72;140;13;28;1;1;18;0;4;2;5;0;2;4;758;107;71;205;66;82;151;18;10;21;0;0;3;0;18;1;2;2;0;1;
120690604604;Stahnsdorf;61;1206906046040003;STIMMBEZIRK;Stahnsdorf, Vicco-von-Bülow-Gymnasium (Sporthalle);3;822;473;349;0;338;338;0;0;0;2;336;52;41;116;17;40;42;5;15;1;0;5;1;0;1;0;0;0;2;336;53;35;108;18;47;48;8;3;6;2;1;1;0;6;0;0;0;0;0;
120690604604;Stahnsdorf;61;1206906046040006;STIMMBEZIRK;Stahnsdorf, Lindenhof-Grundschule (Mensa);6;948;516;432;0;446;446;0;0;0;3;443;94;48;135;12;60;67;5;7;0;1;9;1;2;2;0;0;0;3;443;91;56;107;21;72;66;6;1;12;0;0;1;0;7;0;1;0;1;1;
120690604604;Stahnsdorf;61;1206906046040010;STIMMBEZIRK;Stahnsdorf, Grundschule Heinrich Zille (Mensa);10;927;548;379;0;443;442;1;1;0;5;438;88;47;157;24;33;57;4;10;0;3;11;0;2;0;1;0;1;5;438;84;52;119;29;44;67;9;7;5;2;0;1;0;12;0;0;2;5;0;
120690604604;Stahnsdorf;61;1206906046040012;STIMMBEZIRK;Stahnsdorf, Gemeindezentrum;12;958;461;497;0;390;390;0;0;0;3;387;77;40;130;9;60;55;7;4;0;0;4;0;0;0;0;0;1;2;388;76;42;110;10;75;56;3;4;4;0;0;0;0;4;0;0;0;2;2;
120690604604;Stahnsdorf;61;1206906046040013;STIMMBEZIRK;Stahnsdorf, Bürgerhaus Güterfelde;13;940;622;318;0;471;471;0;0;0;13;458;73;75;169;17;43;40;13;12;0;0;10;0;5;1;0;0;0;8;463;67;84;131;23;55;52;13;9;11;3;0;0;0;8;1;2;1;2;1;
120690604604;Stahnsdorf;61;1206906046049024;BRIEFWAHLBEZIRK;Stahnsdorf, Briefwahllokal 9024;9024;0;0;0;0;751;0;751;0;0;6;745;157;43;234;38;86;115;26;22;1;3;9;4;1;5;1;0;0;6;745;156;44;180;55;102;147;12;10;17;1;0;2;0;6;2;4;3;3;1;
120690604604;Stahnsdorf;61;1206906046049026;BRIEFWAHLBEZIRK;Stahnsdorf, Briefwahllokal 9026;9026;0;0;0;0;843;0;843;0;0;5;838;181;54;280;40;86;147;10;13;0;6;18;1;2;0;0;0;0;5;838;174;70;217;40;110;172;15;6;7;0;1;1;0;19;0;0;0;3;3;
120690604604;Stahnsdorf;61;1206906046049028;BRIEFWAHLBEZIRK;Stahnsdorf, Briefwahllokal 9028;9028;0;0;0;0;681;0;681;0;0;5;676;152;43;223;36;71;107;13;9;1;4;10;0;0;2;3;0;2;4;677;150;45;184;41;85;120;9;7;9;1;2;4;0;14;0;2;1;3;0;
120690616616;Teltow, Stadt;61;120690616616;GEMEINDE;Teltow, Stadt;;20955;13774;7181;0;16897;9938;6959;41;0;179;16718;2979;1686;5892;759;1659;2522;332;370;26;52;240;31;76;32;36;1;25;169;16728;2853;1782;4696;1042;2096;2625;464;245;341;28;11;28;2;223;22;79;52;59;80;
120690616616;Teltow, Stadt;61;1206906166160002;STIMMBEZIRK;Teltow, ev. Diakonissenhaus;2;1367;873;494;0;620;616;4;4;0;5;615;112;47;194;11;76;113;11;22;0;1;18;1;4;2;2;0;1;6;614;105;55;162;22;101;106;16;6;14;0;0;1;0;14;1;5;3;1;2;
120690616616;Teltow, Stadt;61;1206906166160003;STIMMBEZIRK;Teltow, Autohaus Kolbe;3;1708;1036;672;0;874;873;1;1;0;4;870;160;79;258;25;107;181;12;25;0;1;15;0;4;1;2;0;0;7;867;154;89;196;34;140;190;10;7;17;1;1;0;0;12;1;6;2;3;4;
120690616616;Teltow, Stadt;61;1206906166160004;STIMMBEZIRK;Teltow, Jugendtreff Teltow;4;1294;863;431;0;704;700;4;4;0;5;699;124;96;228;32;88;81;15;14;1;2;12;2;0;3;0;0;1;5;699;109;100;182;45;104;91;17;12;14;1;1;1;0;14;1;5;1;1;0;
120690616616;Teltow, Stadt;61;1206906166160006;STIMMBEZIRK;Teltow, ehem. Oberschule Bruno-H.Bürgel;6;1424;1019;405;0;640;636;4;4;0;9;631;79;102;226;45;49;85;15;11;0;1;11;1;0;0;1;0;5;10;630;71;103;189;52;56;80;28;14;14;1;0;1;0;10;0;3;4;0;4;
120690616616;Teltow, Stadt;61;1206906166160013;STIMMBEZIRK;Teltow, Mehrgenerationenhaus 'Philantow';13;1434;839;595;0;616;612;4;4;0;5;611;122;78;208;13;56;91;11;10;0;0;16;2;2;0;2;0;0;6;610;118;87;154;30;69;106;12;5;10;2;0;0;0;10;0;1;1;2;3;
120690616616;Teltow, Stadt;61;1206906166169035;BRIEFWAHLBEZIRK;Teltow, Briefwahlbezirk VIII;9035;0;0;0;0;906;0;906;0;0;13;893;156;55;326;31;86;167;17;29;1;3;9;5;4;0;3;0;1;12;894;169;56;263;46;116;169;18;14;18;0;1;1;0;9;2;4;0;4;4;
120690616616;Teltow, Stadt;61;1206906166169036;BRIEFWAHLBEZIRK;Teltow, Briefwahlbezirk I;9036;0;0;0;0;487;0;487;0;0;3;484;79;37;203;22;53;46;12;16;0;1;4;0;5;1;5;0;0;0;487;70;47;178;41;62;45;13;3;13;0;1;1;0;4;0;2;0;4;3;
120690616616;Teltow, Stadt;61;1206906166169037;BRIEFWAHLBEZIRK;Teltow, Briefwahlbezirk II;9037;0;0;0;0;917;0;917;0;0;5;912;180;57;331;44;84;158;14;26;1;2;4;0;2;2;6;0;1;3;914;166;60;265;62;115;162;24;17;18;1;1;2;0;6;0;4;6;3;2;
120690616616;Teltow, Stadt;61;1206906166169042;BRIEFWAHLBEZIRK;Teltow, Briefwahlbezirk VII;9042;0;0;0;0;804;0;804;0;0;9;795;162;37;310;39;60;127;16;25;4;3;5;0;3;1;2;0;1;10;794;156;37;240;56;90;132;31;19;17;1;3;1;0;3;1;1;1;3;2;
120720240240;Ludwigsfelde, Stadt;61;1207202402400005;STIMMBEZIRK;Ludwigsfelde, Marie-Curie-Gymnasium (Raum 124);5;871;551;320;0;398;397;1;1;0;2;396;40;54;176;17;35;38;3;18;1;3;9;0;0;1;1;0;0;8;390;43;60;145;21;45;37;9;4;15;1;0;1;0;6;0;0;1;1;1;
120720240240;Ludwigsfelde, Stadt;61;1207202402400008;STIMMBEZIRK;Ludwigsfelde, Gottlieb-Daimler-Schule (Aula);8;1544;1192;352;0;666;666;0;0;0;17;649;54;128;294;57;32;30;15;25;0;3;5;1;1;2;1;0;1;25;641;54;125;255;63;33;31;20;11;22;4;0;3;0;9;0;4;1;5;1;
120720240240;Ludwigsfelde, Stadt;61;1207202402400011;STIMMBEZIRK;Ludwigsfelde, Förderschule (Speiseraum);11;983;696;287;0;457;457;0;0;0;15;442;64;74;182;34;29;25;9;8;2;1;7;4;0;0;1;0;2;15;442;63;82;156;43;30;24;7;7;8;1;2;2;0;8;2;2;0;5;0;
120720240240;Ludwigsfelde, Stadt;61;1207202402400013;STIMMBEZIRK;Ludwigsfelde, Förderschule (Turnhalle);13;872;556;316;0;395;395;0;0;0;10;385;68;65;144;25;33;21;10;10;0;1;5;1;0;1;0;0;1;10;385;69;69;122;27;37;20;13;7;11;0;1;0;0;4;1;1;1;2;0;
120720240240;Ludwigsfelde, Stadt;61;1207202402400014;STIMMBEZIRK;Ludwigsfelde, Waldhaus;14;1241;956;285;0;566;559;7;7;0;10;556;36;109;230;59;28;33;16;21;0;5;7;2;3;2;3;0;2;18;548;35;106;188;68;33;31;33;10;14;2;1;2;3;12;0;5;1;3;1;
120720240240;Ludwigsfelde, Stadt;61;1207202402400015;STIMMBEZIRK;Ludwigsfelde, Kleeblatt Grundschule (Turnhalle I);15;1605;1176;429;0;733;730;3;3;0;10;723;86;148;285;45;51;49;17;19;1;6;9;1;1;0;2;0;3;10;723;78;158;233;54;63;41;39;11;21;4;1;2;1;9;0;5;1;2;0;
120720240240;Ludwigsfelde, Stadt;61;1207202402400019;STIMMBEZIRK;Ludwigsfelde, Kleeblatt Grundschule (Raum 028);19;1175;786;389;0;453;452;1;1;0;10;443;49;68;175;34;32;44;17;10;1;4;4;0;2;1;1;0;1;11;442;45;70;140;44;38;39;19;14;10;0;1;3;0;4;0;8;0;4;3;
120720240240;Ludwigsfelde, Stadt;61;1207202402400022;STIMMBEZIRK;Ludwigsfelde, OT Jütchendorf, Gemeindehaus Jütchendorf;22;463;344;119;0;294;291;3;3;0;10;284;46;26;96;18;25;45;3;15;0;1;8;1;0;0;0;0;0;13;281;41;29;81;23;32;41;8;5;11;0;1;0;0;7;1;1;0;0;0;
120720240240;Ludwigsfelde, Stadt;61;1207202402400025;STIMMBEZIRK;Ludwigsfelde, OT Kerzendorf, Gemeindehaus Kerzendorf;25;373;275;98;0;224;224;0;0;0;2;222;39;24;83;10;25;23;1;9;0;0;6;1;1;0;0;0;0;4;220;44;29;61;13;26;22;4;1;8;0;0;0;0;5;0;2;1;2;2;
120720240240;Ludwigsfelde, Stadt;61;1207202402400026;STIMMBEZIRK;Ludwigsfelde, OT Wietstock, Freiwillige Feuerwehr Wietstock;26;280;214;66;0;180;179;1;1;0;4;176;26;25;72;7;14;16;5;5;0;0;2;1;2;1;0;0;0;5;175;32;26;60;11;15;9;8;1;6;0;0;0;0;4;2;0;0;1;0;
120720240240;Ludwigsfelde, Stadt;61;1207202402409045;BRIEFWAHLBEZIRK;Ludwigsfelde, Briefwahl III;9045;0;0;0;0;470;0;470;0;0;5;465;46;47;223;36;38;33;7;14;4;1;6;1;4;0;0;0;5;4;466;50;50;180;48;40;40;11;3;19;1;4;1;1;5;0;1;0;8;4;
120720240240;Ludwigsfelde, Stadt;61;1207202402409050;BRIEFWAHLBEZIRK;Ludwigsfelde, Briefwahl VIII;9050;0;0;0;0;838;0;838;0;0;5;833;151;58;272;41;105;129;15;29;2;3;14;2;2;4;3;0;3;7;831;155;59;211;60;125;132;25;10;18;2;1;2;1;13;2;3;5;5;2;
