Gemeinde;Gemeindename;Gebietsnummer;Gebietsart;Gebietsname;Bezirksnummer;Ausgezaehlt abweichend Gebiet;Ausgezaehlt abweichend AGS;Ausbleibend;Wahlberechtigte gesamt (A);Wahlberechtigte ohne Wahlschein (A1);Wahlberechtigte mit Wahlschein (A2);Wahlberechtigte nicht im WVZ (A3);Waehler gesamt (B);Waehler ohne Wahlschein;Waehler mit Wahlschein;Urnenwaehler mit Wahlschein in Urnenwahllokal;Briefwaehler mit Wahlschein in Urnenwahllokal;Stimmen ungueltige (C);Stimmen gueltige (D);D1;D2;D3;D4;D5;D6;D7;D8;D9;D10;D11;D12;D13;D14;D15;D16;D17;D18;D19;D20;D21;D22;D23;D24;D25;D26;D27;D28;D29;D30;D31;D32;D33;D34;Column 55
54;Potsdam, Stadt;1205400000001101;STIMMBEZIRK;Bornim 01;1101;;;N;1146;884;262;0;606;600;6;6;0;3;603;141;130;87;23;60;26;26;6;8;2;0;2;2;11;0;2;0;0;1;0;0;0;0;0;0;2;4;65;0;0;0;1;4;0;
54;Potsdam, Stadt;1205400000001303;STIMMBEZIRK;Bornstedt 03;1303;;;N;1196;827;369;0;604;602;2;2;0;1;603;78;127;77;33;111;37;14;6;2;2;0;3;2;23;0;6;0;0;1;0;0;0;0;0;1;3;0;65;0;1;5;1;5;0;
54;Potsdam, Stadt;1205400000001304;STIMMBEZIRK;Bornstedt 04;1304;;;N;1283;909;374;0;712;706;6;6;0;2;710;115;144;95;25;106;49;15;10;6;2;0;2;1;30;0;4;1;0;2;2;0;0;0;0;0;3;3;78;0;1;2;0;10;4;
54;Potsdam, Stadt;1205400000001307;STIMMBEZIRK;Bornstedt 07;1307;;;N;1204;873;331;0;569;567;2;2;0;6;563;58;82;112;37;73;23;15;1;13;6;0;4;2;31;0;6;2;0;0;1;0;0;0;0;1;4;5;69;0;1;6;1;7;3;
54;Potsdam, Stadt;1205400000001102;STIMMBEZIRK;Bornim 02;1102;;;N;1453;1089;364;0;812;812;0;0;0;6;806;119;162;102;38;109;42;32;8;10;5;3;2;2;32;1;5;2;0;3;2;0;0;1;0;0;5;6;104;0;1;3;0;6;1;
54;Potsdam, Stadt;1205400000001308;STIMMBEZIRK;Bornstedt 08;1308;;;N;1094;792;302;0;471;471;0;0;0;2;469;70;68;79;28;73;23;10;5;9;2;0;2;3;21;0;1;0;0;1;1;0;1;0;1;1;0;2;56;0;0;3;2;3;4;
54;Potsdam, Stadt;1205400000001301;STIMMBEZIRK;Nedlitz  Bornstedt 01;1301;;;N;1175;840;335;0;631;627;4;4;0;5;626;69;112;79;44;123;33;32;10;5;2;0;2;1;38;1;3;3;0;6;1;1;0;0;0;0;0;1;49;1;1;6;0;3;0;
54;Potsdam, Stadt;1205400000001309;STIMMBEZIRK;Bornstedt 09;1309;;;N;1143;801;342;0;545;541;4;4;0;3;542;85;72;44;32;112;26;8;8;11;4;0;1;3;41;1;5;4;0;4;3;0;1;0;0;1;3;4;55;0;0;7;1;2;4;
54;Potsdam, Stadt;1205400000001305;STIMMBEZIRK;Bornstedt 05;1305;;;N;1275;950;325;0;608;602;6;6;0;6;602;56;90;98;29;110;22;17;6;17;7;0;6;0;36;0;3;2;0;1;1;0;0;1;0;0;1;6;76;0;2;1;0;12;2;
54;Potsdam, Stadt;1205400000001310;STIMMBEZIRK;Bornstedt 10;1310;;;N;1136;813;323;0;532;528;4;4;0;3;529;67;96;65;25;94;31;20;5;10;6;2;4;3;37;1;1;1;0;2;0;0;0;0;0;0;3;6;42;0;0;1;0;6;1;
54;Potsdam, Stadt;1205400000001701;STIMMBEZIRK;Golm 01;1701;;;N;827;609;218;0;451;450;1;1;0;3;448;80;92;49;23;56;13;14;6;6;7;0;3;1;25;0;3;6;0;0;0;0;0;0;0;1;1;5;48;1;1;3;0;3;1;
54;Potsdam, Stadt;1205400000001401;STIMMBEZIRK;Sacrow 01;1401;;;N;112;71;41;0;64;64;0;0;0;0;64;7;16;11;4;12;1;0;0;0;2;0;0;0;3;0;0;0;0;1;0;0;0;0;0;0;0;1;5;0;0;0;0;1;0;
54;Potsdam, Stadt;1205400000001702;STIMMBEZIRK;Golm 02;1702;;;N;1013;766;247;0;552;552;0;0;0;5;547;99;90;75;22;65;22;24;9;11;4;1;4;2;34;0;1;3;1;1;1;0;2;0;0;1;1;5;54;1;3;3;0;8;0;
54;Potsdam, Stadt;1205400000001501;STIMMBEZIRK;Eiche 01;1501;;;N;1104;771;333;0;589;585;4;4;0;5;584;80;105;107;33;85;18;11;3;5;4;2;2;4;34;1;5;4;0;1;2;0;0;1;0;0;1;2;57;1;0;3;1;12;0;
54;Potsdam, Stadt;1205400000001703;STIMMBEZIRK;Golm 03;1703;;;N;797;592;205;0;438;433;5;5;0;4;434;52;54;63;22;89;19;15;5;5;5;0;4;2;33;1;2;2;0;2;1;0;0;0;0;0;1;4;35;0;0;8;1;9;0;
54;Potsdam, Stadt;1205400000001503;STIMMBEZIRK;Eiche 03;1503;;;N;1129;826;303;0;614;610;4;4;0;3;611;93;109;101;35;84;21;23;8;8;7;1;1;3;24;0;4;3;0;2;0;0;1;1;0;0;0;6;68;0;0;2;2;4;0;
54;Potsdam, Stadt;1205400000002102;STIMMBEZIRK;Nauener Vorstadt 02;2102;;;N;1026;682;344;0;479;478;1;1;0;6;473;40;70;68;24;132;31;13;3;9;1;0;0;3;26;1;4;5;1;1;0;2;1;0;0;0;0;0;32;0;0;5;0;1;0;
54;Potsdam, Stadt;1205400000002101;STIMMBEZIRK;Nauener Vorstadt 01;2101;;;N;1060;713;347;0;514;511;3;3;0;6;508;46;134;59;24;79;66;11;7;4;2;0;0;3;20;0;0;3;0;0;0;0;0;0;0;1;0;5;41;0;0;1;0;2;0;
54;Potsdam, Stadt;1205400000002103;STIMMBEZIRK;Nauener Vorstadt 03;2103;;;N;949;659;290;0;515;511;4;4;0;6;509;39;83;61;37;105;29;19;4;9;1;0;2;1;34;1;5;6;1;3;1;0;0;0;0;0;4;3;56;0;1;2;0;1;1;
54;Potsdam, Stadt;1205400000002202;STIMMBEZIRK;Jägervorstadt 02;2202;;;N;1243;840;403;0;632;626;6;6;0;2;630;62;111;76;24;136;44;16;5;7;3;1;1;1;33;0;6;6;0;5;0;0;1;1;0;0;4;7;67;0;0;7;0;5;1;
54;Potsdam, Stadt;1205400000002104;STIMMBEZIRK;Nauener Vorstadt 04;2104;;;N;1236;948;288;0;715;713;2;2;0;4;711;65;152;84;34;138;66;24;2;7;6;0;4;3;40;0;6;7;0;0;1;1;1;1;0;0;0;6;46;1;2;9;1;3;1;
54;Potsdam, Stadt;1205400000002301;STIMMBEZIRK;Berliner Vorstadt 01;2301;;;N;1252;805;447;0;515;514;1;1;0;4;511;76;138;77;9;71;46;13;4;1;2;0;1;3;30;0;1;1;0;0;0;0;0;0;0;0;0;1;33;2;1;0;0;0;1;
54;Potsdam, Stadt;1205400000003103;STIMMBEZIRK;Brandenburger Vorstadt 03;3103;;;N;1191;823;368;0;643;637;6;6;0;5;638;29;53;83;54;179;27;45;1;14;1;2;6;3;47;1;9;6;3;1;1;1;1;0;0;0;1;2;55;0;1;10;0;1;1;
54;Potsdam, Stadt;1205400000003102;STIMMBEZIRK;Brandenburger Vorstadt 02;3102;;;N;947;673;274;0;503;493;10;10;0;5;498;47;64;61;47;125;21;19;4;2;7;1;4;2;40;0;4;6;0;1;1;0;0;1;0;0;0;1;33;0;0;5;0;2;0;
54;Potsdam, Stadt;1205400000003201;STIMMBEZIRK;Potsdam West 01;3201;;;N;1204;847;357;0;604;601;3;3;0;2;602;48;52;90;69;111;13;45;3;7;1;0;2;1;73;1;7;6;2;0;2;1;1;0;0;0;1;1;55;0;4;4;0;1;1;
54;Potsdam, Stadt;1205400000003107;STIMMBEZIRK;Brandenburger Vorstadt 07;3107;;;N;1529;1223;306;0;774;773;1;1;0;10;764;131;98;165;45;74;23;21;2;13;4;2;4;4;25;0;1;3;1;2;1;0;1;0;0;2;0;3;121;0;2;8;0;8;0;
54;Potsdam, Stadt;1205400000003202;STIMMBEZIRK;Potsdam West 02;3202;;;N;1133;875;258;0;557;554;3;3;0;6;551;102;63;86;45;50;12;20;4;7;2;1;2;5;40;0;3;2;0;2;0;0;1;1;0;1;1;1;91;1;0;4;0;3;1;
54;Potsdam, Stadt;1205400000003108;STIMMBEZIRK;Brandenburger Vorstadt 08;3108;;;N;1123;803;320;0;636;632;4;4;0;2;634;49;51;86;60;162;22;39;2;11;1;0;3;1;42;0;11;10;0;0;1;0;2;0;0;0;4;1;59;0;2;10;0;4;1;
54;Potsdam, Stadt;1205400000003205;STIMMBEZIRK;Potsdam West 05;3205;;;N;1274;917;357;0;727;716;11;11;0;6;721;85;83;129;59;140;27;24;3;5;4;0;3;5;49;0;4;1;2;1;1;1;1;0;0;2;2;4;73;0;0;7;0;6;0;
54;Potsdam, Stadt;1205400000003203;STIMMBEZIRK;Potsdam West 03;3203;;;N;1305;826;479;0;587;575;12;12;0;7;580;58;74;82;60;114;21;18;5;9;2;0;3;3;45;0;5;3;0;3;0;2;0;0;0;0;2;5;55;1;3;2;0;5;0;
54;Potsdam, Stadt;1205400000004106;STIMMBEZIRK;Historische Innenstadt 06;4106;;;N;907;649;258;0;441;439;2;2;0;2;439;51;60;44;26;60;32;25;3;14;2;1;6;3;30;0;2;3;0;3;0;1;1;1;0;1;0;4;53;0;0;3;1;9;0;
54;Potsdam, Stadt;1205400000003204;STIMMBEZIRK;Potsdam West 04;3204;;;N;1289;999;290;0;667;665;2;2;0;2;665;112;74;88;69;80;10;31;5;11;5;1;1;2;44;0;7;8;0;0;1;2;3;1;0;1;1;4;86;1;2;4;1;8;2;
54;Potsdam, Stadt;1205400000004108;STIMMBEZIRK;Historische Innenstadt 08;4108;;;N;1137;830;307;0;591;591;0;0;0;5;586;64;54;71;43;134;27;28;2;14;2;0;9;2;49;0;4;5;0;1;1;1;0;1;0;0;4;3;51;0;0;8;0;4;4;
54;Potsdam, Stadt;1205400000004102;STIMMBEZIRK;Historische Innenstadt 02;4102;;;N;1278;890;388;0;596;594;2;2;0;3;593;65;89;99;33;126;36;21;2;9;1;0;2;1;30;0;5;4;0;2;1;0;0;0;0;0;1;0;52;1;1;5;0;5;2;
54;Potsdam, Stadt;1205400000004109;STIMMBEZIRK;Historische Innenstadt 09;4109;;;N;1194;883;311;0;568;565;3;3;0;9;559;71;57;98;48;71;32;24;2;8;3;1;2;5;33;1;4;3;2;3;0;2;2;0;0;0;1;4;69;0;1;8;2;2;0;
54;Potsdam, Stadt;1205400000004103;STIMMBEZIRK;Historische Innenstadt 03;4103;;;N;1090;745;345;0;499;499;0;0;0;2;497;35;39;70;37;121;26;37;0;6;3;0;2;5;31;0;5;7;0;0;2;0;2;0;0;1;1;1;57;0;0;5;0;2;2;
54;Potsdam, Stadt;1205400000004302;STIMMBEZIRK;Zentrum Ost und Nuthepark 02;4302;;;N;866;699;167;0;397;396;1;1;0;1;396;60;35;55;43;47;8;20;3;15;4;2;4;0;25;0;3;3;1;1;0;0;0;0;0;0;1;0;50;3;1;5;1;5;1;
54;Potsdam, Stadt;1205400000004104;STIMMBEZIRK;Historische Innenstadt 04;4104;;;N;967;672;295;0;455;452;3;3;0;3;452;60;48;53;37;78;15;20;6;6;1;0;6;3;47;0;3;5;0;2;1;4;1;0;0;0;2;3;41;0;0;3;0;7;0;
54;Potsdam, Stadt;1205400000005207;STIMMBEZIRK;Babelsberg Nord 07;5207;;;N;1211;914;297;0;631;627;4;4;0;5;626;60;73;106;46;117;26;29;1;10;6;2;9;0;56;0;8;5;1;2;1;0;0;0;0;1;0;0;47;0;1;10;1;4;4;
54;Potsdam, Stadt;1205400000004105;STIMMBEZIRK;Historische Innenstadt 05;4105;;;N;1218;890;328;0;631;630;1;1;0;2;629;84;70;80;60;130;33;19;4;12;3;0;2;2;45;0;2;6;0;4;4;0;0;1;0;2;0;1;48;0;1;5;0;11;0;
54;Potsdam, Stadt;1205400000005208;STIMMBEZIRK;Babelsberg Nord 08;5208;;;N;1160;863;297;0;704;704;0;0;0;8;696;65;94;77;53;181;26;31;10;7;3;0;1;3;40;0;6;1;1;2;2;0;0;0;0;0;2;3;73;0;0;8;1;3;3;
54;Potsdam, Stadt;1205400000004303;STIMMBEZIRK;Zentrum Ost und Nuthepark 03;4303;;;N;1337;1042;295;0;593;592;1;1;0;10;583;88;68;112;44;74;21;16;7;19;1;2;3;2;39;0;7;3;1;4;1;0;0;0;0;1;2;3;54;1;0;2;1;4;3;
54;Potsdam, Stadt;1205400000005302;STIMMBEZIRK;Babelsberg Süd 02;5302;;;N;1129;829;300;0;633;623;10;10;0;4;629;54;56;116;54;142;18;34;3;10;3;0;2;0;45;0;3;7;0;0;1;0;0;0;0;0;1;4;66;0;0;9;0;1;0;
54;Potsdam, Stadt;1205400000004304;STIMMBEZIRK;Zentrum Ost und Nuthepark 04;4304;;;N;1284;1056;228;0;639;638;1;1;0;19;620;103;82;131;47;49;13;19;4;9;1;1;1;9;19;0;4;8;0;1;3;0;1;0;2;0;1;2;102;0;0;3;0;5;0;
54;Potsdam, Stadt;1205400000005305;STIMMBEZIRK;Babelsberg Süd 05;5305;;;N;1499;1113;386;0;727;723;4;4;0;21;706;109;98;100;53;88;23;24;5;21;8;2;3;4;46;0;3;0;1;0;1;1;0;0;0;0;2;2;103;1;0;3;0;3;2;
54;Potsdam, Stadt;1205400000004401;STIMMBEZIRK;Hauptbahnhof und Brauhausberg Nord 01;4401;;;N;877;614;263;0;302;302;0;0;0;1;301;48;34;53;34;41;11;10;1;3;0;0;0;2;18;0;1;1;0;0;1;0;0;1;0;0;0;3;35;0;0;1;0;2;1;
54;Potsdam, Stadt;1205400000005306;STIMMBEZIRK;Babelsberg Süd 06;5306;;;N;1122;768;354;0;583;576;7;7;0;0;583;30;70;79;50;141;28;16;5;10;7;1;6;1;72;0;3;2;0;1;0;2;0;1;0;0;0;1;40;1;3;5;0;4;4;
54;Potsdam, Stadt;1205400000004402;STIMMBEZIRK;Hauptbahnhof und Brauhausberg Nord 02;4402;;;N;760;464;296;0;341;337;4;4;0;0;341;32;76;35;9;62;37;13;3;3;0;0;0;2;29;0;1;2;0;0;0;0;0;0;0;0;3;4;23;0;2;0;0;3;2;
54;Potsdam, Stadt;1205400000005307;STIMMBEZIRK;Babelsberg Süd 07;5307;;;N;1045;812;233;0;557;556;1;1;0;5;552;89;72;57;45;99;22;28;6;14;4;0;3;5;24;1;7;3;0;2;3;1;0;0;0;0;1;5;50;0;3;4;0;3;1;
54;Potsdam, Stadt;1205400000005201;STIMMBEZIRK;Klein Glienicke  Babelsberg Nord 01;5201;;;N;967;676;291;0;515;512;3;3;0;3;512;36;86;76;23;122;36;14;3;7;0;0;1;0;47;0;1;1;1;0;0;0;0;0;0;0;0;4;48;0;3;2;0;1;0;
54;Potsdam, Stadt;1205400000005309;STIMMBEZIRK;Babelsberg Süd 09;5309;;;N;776;560;216;0;421;418;3;3;0;3;418;43;44;68;20;87;18;17;3;9;6;0;5;0;38;1;7;2;0;0;1;0;0;0;0;1;0;2;33;0;1;5;0;7;0;
54;Potsdam, Stadt;1205400000005203;STIMMBEZIRK;Babelsberg Nord 03;5203;;;N;1250;818;432;0;640;637;3;3;0;4;636;67;109;92;43;132;44;32;4;7;1;0;0;3;32;0;1;2;0;1;4;0;1;0;0;0;5;2;42;1;0;10;0;0;1;
54;Potsdam, Stadt;1205400000006202;STIMMBEZIRK;Teltower Vorstadt 02;6202;;;N;1380;1038;342;0;754;747;7;7;0;7;747;131;95;126;61;79;16;29;11;7;5;0;2;10;50;1;6;1;0;6;3;1;1;0;0;2;1;5;82;1;0;5;2;7;1;
54;Potsdam, Stadt;1205400000005204;STIMMBEZIRK;Babelsberg Nord 04;5204;;;N;1187;855;332;0;671;663;8;8;0;2;669;59;78;113;44;181;28;18;3;9;4;0;3;2;38;0;6;2;1;3;3;0;0;0;0;2;1;2;56;0;0;9;0;3;1;
54;Potsdam, Stadt;1205400000006305;STIMMBEZIRK;Schlaatz 05;6305;;;N;735;613;122;0;305;305;0;0;0;6;299;84;27;42;26;29;7;12;3;8;1;0;0;3;14;0;0;2;0;0;0;0;0;0;0;0;0;2;37;0;0;1;0;1;0;
54;Potsdam, Stadt;1205400000005206;STIMMBEZIRK;Babelsberg Nord 06;5206;;;N;1114;791;323;0;594;584;10;10;0;3;591;70;58;89;32;125;23;30;7;7;3;0;3;3;35;0;1;5;1;1;1;0;0;0;0;0;1;4;70;0;4;15;0;2;1;
54;Potsdam, Stadt;1205400000006307;STIMMBEZIRK;Schlaatz 07;6307;;;N;717;611;106;0;292;291;1;1;0;6;286;85;21;36;23;15;4;12;8;9;5;1;2;3;7;1;3;2;1;1;0;0;0;0;0;0;0;1;36;1;1;3;0;2;3;
54;Potsdam, Stadt;1205400000005308;STIMMBEZIRK;Babelsberg Süd 08;5308;;;N;1220;903;317;0;727;724;3;3;0;3;724;63;79;101;44;190;23;39;3;14;6;1;3;4;57;0;4;7;0;2;1;1;0;0;0;0;2;3;55;0;1;10;0;6;5;
54;Potsdam, Stadt;1205400000006402;STIMMBEZIRK;Waldstadt I und Industriegelände 02;6402;;;N;963;787;176;0;420;418;2;2;0;5;415;106;56;62;25;27;8;14;3;6;5;0;1;7;9;2;2;0;0;1;0;0;0;2;0;0;2;4;68;0;0;3;0;2;0;
54;Potsdam, Stadt;1205400000006101;STIMMBEZIRK;Templiner Vorstadt 01;6101;;;N;1356;1020;336;0;674;671;3;3;0;6;668;99;108;102;29;115;39;28;4;9;4;0;2;2;43;1;6;6;0;1;0;1;1;0;0;0;0;2;54;1;1;4;0;4;2;
54;Potsdam, Stadt;1205400000006404;STIMMBEZIRK;Waldstadt I und Industriegelände 04;6404;;;N;919;751;168;0;436;434;2;2;0;15;421;112;64;86;27;17;5;4;6;9;3;0;0;0;7;0;0;0;0;1;0;0;0;0;1;1;1;2;69;1;0;0;0;5;0;
54;Potsdam, Stadt;1205400000006201;STIMMBEZIRK;Teltower Vorstadt 01;6201;;;N;1254;920;334;0;660;655;5;5;0;5;655;96;71;104;45;104;21;34;6;9;7;0;9;3;43;1;3;5;3;0;1;1;0;1;0;0;6;0;52;0;3;10;0;13;4;
54;Potsdam, Stadt;1205400000007102;STIMMBEZIRK;Stern 02;7102;;;N;1074;882;192;0;503;503;0;0;0;9;494;132;58;76;19;18;12;16;6;13;3;1;3;4;14;0;0;2;2;2;0;0;0;0;2;2;3;5;92;1;0;2;0;5;1;
54;Potsdam, Stadt;1205400000006501;STIMMBEZIRK;Waldstadt II 01;6501;;;N;1321;978;343;0;578;576;2;2;0;13;565;133;64;95;31;41;13;11;9;13;5;1;5;4;29;0;1;0;1;1;3;2;0;1;0;1;0;1;90;0;2;3;1;4;0;
54;Potsdam, Stadt;1205400000007104;STIMMBEZIRK;Stern 04;7104;;;N;1208;951;257;0;651;649;2;2;0;7;644;133;86;116;47;52;18;18;10;13;7;0;3;4;19;2;0;1;2;0;1;1;1;1;1;0;1;3;96;1;0;3;0;4;0;
54;Potsdam, Stadt;1205400000006503;STIMMBEZIRK;Waldstadt II 03;6503;;;N;1090;868;222;0;467;465;2;2;0;3;464;130;55;39;31;28;8;17;3;8;5;3;3;3;17;0;1;2;3;0;0;0;0;0;0;0;2;0;97;1;0;1;0;7;0;
54;Potsdam, Stadt;1205400000007105;STIMMBEZIRK;Stern 05;7105;;;N;1088;813;275;0;515;512;3;3;0;2;513;113;71;81;15;52;17;12;6;6;4;0;2;0;30;0;0;3;0;2;1;0;1;0;1;0;0;2;85;0;1;3;0;5;0;
54;Potsdam, Stadt;1205400000006506;STIMMBEZIRK;Waldstadt II 06;6506;;;N;837;702;135;0;368;368;0;0;0;4;364;102;34;60;33;12;2;11;4;12;6;2;3;4;7;0;2;2;0;0;0;0;0;0;0;1;1;1;61;0;1;0;1;2;0;
54;Potsdam, Stadt;1205400000007106;STIMMBEZIRK;Stern 06;7106;;;N;1097;887;210;0;484;481;3;3;0;10;474;107;58;60;25;32;6;10;14;7;3;0;3;5;9;1;3;4;2;2;3;0;1;0;0;1;1;4;101;0;1;4;0;7;0;
54;Potsdam, Stadt;1205400000007107;STIMMBEZIRK;Stern 07;7107;;;N;791;660;131;0;320;319;1;1;0;5;315;104;24;47;27;7;13;3;2;10;13;1;0;4;5;1;0;1;1;1;2;0;1;0;0;1;0;1;44;0;0;1;0;1;0;
54;Potsdam, Stadt;1205400000007108;STIMMBEZIRK;Stern 08;7108;;;N;770;642;128;0;322;318;4;4;0;11;311;92;42;52;11;15;6;6;2;8;6;1;3;2;10;0;2;0;0;0;1;0;0;0;0;2;2;1;40;0;1;2;0;1;3;
54;Potsdam, Stadt;1205400000007109;STIMMBEZIRK;Stern 09;7109;;;N;789;684;105;0;354;354;0;0;0;3;351;115;42;54;21;4;9;7;3;4;10;0;0;0;14;0;2;2;0;1;0;0;0;0;0;1;0;2;49;1;1;3;2;4;0;
54;Potsdam, Stadt;1205400000007110;STIMMBEZIRK;Stern 10;7110;;;N;846;715;131;0;324;323;1;1;0;4;320;87;34;49;29;8;7;8;7;17;7;0;1;0;9;0;0;0;0;1;2;0;0;0;0;0;0;3;47;0;0;1;0;2;1;
54;Potsdam, Stadt;1205400000007113;STIMMBEZIRK;Stern 13;7113;;;N;1199;905;294;0;626;620;6;6;0;8;618;75;114;94;44;69;39;18;6;7;4;2;6;7;30;0;4;3;0;2;0;0;0;0;0;1;5;8;69;1;0;0;0;8;2;
54;Potsdam, Stadt;1205400000007201;STIMMBEZIRK;Drewitz 01;7201;;;N;1095;845;250;0;582;582;0;0;0;4;578;143;115;58;18;37;30;22;12;9;6;2;4;4;24;1;3;0;0;3;0;2;0;0;0;1;3;5;65;1;0;0;1;7;2;
54;Potsdam, Stadt;1205400000007206;STIMMBEZIRK;Drewitz 06;7206;;;N;664;579;85;0;284;284;0;0;0;4;280;101;24;35;20;5;4;6;4;12;7;0;0;0;9;0;0;1;0;0;0;0;2;0;0;2;0;1;40;0;0;1;0;4;2;
54;Potsdam, Stadt;1205400000007202;STIMMBEZIRK;Drewitz 02;7202;;;N;1078;913;165;0;459;455;4;4;0;14;445;93;63;71;37;20;12;11;1;10;2;3;4;2;21;0;2;0;0;5;1;0;0;0;0;1;4;0;76;0;1;0;0;3;2;
54;Potsdam, Stadt;1205400000007301;STIMMBEZIRK;Kirchsteigfeld 01;7301;;;N;974;759;215;0;450;445;5;5;0;5;445;102;49;70;25;28;19;9;5;11;4;0;4;0;20;0;3;0;0;5;1;2;0;0;0;0;3;4;71;1;2;0;0;7;0;
54;Potsdam, Stadt;1205400000007205;STIMMBEZIRK;Drewitz 05;7205;;;N;694;594;100;0;292;292;0;0;0;2;290;85;32;50;18;6;4;7;6;7;4;1;1;1;7;0;2;0;0;1;1;0;0;0;0;0;0;1;52;0;0;1;0;0;3;
54;Potsdam, Stadt;1205400000007304;STIMMBEZIRK;Kirchsteigfeld 04;7304;;;N;622;478;144;0;318;315;3;3;0;5;313;68;33;45;28;12;6;12;5;11;4;1;2;4;11;0;1;1;0;0;2;0;1;0;0;1;0;3;54;0;1;1;0;5;1;
54;Potsdam, Stadt;1205400000007302;STIMMBEZIRK;Kirchsteigfeld 02;7302;;;N;1014;848;166;0;517;514;3;3;0;6;511;129;62;68;25;41;17;14;11;20;7;2;1;2;12;2;5;0;0;2;3;1;0;0;0;0;0;4;76;1;0;0;0;5;1;
54;Potsdam, Stadt;1205400000008101;STIMMBEZIRK;Uetz-Paaren 01;8101;;;N;348;269;79;0;203;202;1;1;0;4;199;77;26;25;8;11;2;7;6;5;1;0;1;0;4;0;2;0;0;1;0;0;0;1;0;0;0;0;20;0;0;2;0;0;0;
54;Potsdam, Stadt;1205400000007303;STIMMBEZIRK;Kirchsteigfeld 03;7303;;;N;1122;923;199;0;673;672;1;1;0;10;663;119;102;104;40;51;30;15;13;7;12;0;4;7;24;1;4;1;0;2;1;2;0;0;1;0;1;2;107;1;0;4;0;7;1;
54;Potsdam, Stadt;1205400000008403;STIMMBEZIRK;Fahrland 03;8403;;;N;853;653;200;0;410;410;0;0;0;4;406;79;86;51;13;35;19;11;3;7;8;1;4;2;11;0;1;1;0;1;3;0;0;1;0;1;3;2;52;0;0;2;1;8;0;
54;Potsdam, Stadt;1205400000008301;STIMMBEZIRK;Satzkorn 01;8301;;;N;387;299;88;0;246;244;2;2;0;4;242;58;36;39;14;14;12;10;5;1;4;1;1;0;2;0;1;0;0;0;1;0;1;1;0;0;1;4;32;0;1;1;1;0;1;
54;Potsdam, Stadt;1205400000008404;STIMMBEZIRK;Fahrland 04;8404;;;N;1162;886;276;0;529;526;3;3;0;8;521;151;84;61;10;48;16;7;11;16;2;2;2;4;15;0;2;1;1;0;0;0;0;0;0;0;2;2;66;0;1;2;2;9;4;
54;Potsdam, Stadt;1205400000008501;STIMMBEZIRK;Neu Fahrland 01;8501;;;N;1362;1005;357;0;747;740;7;7;0;5;742;149;145;81;20;91;42;22;13;13;4;1;2;2;23;0;3;1;1;0;3;0;1;1;1;0;2;3;106;1;2;4;0;5;0;
54;Potsdam, Stadt;1205400000008601;STIMMBEZIRK;Groß Glienicke 01;8601;;;N;767;592;175;0;376;373;3;3;0;4;372;55;85;44;15;49;40;7;3;6;2;0;0;2;6;1;2;3;0;2;0;0;0;1;0;0;4;3;39;0;1;0;0;1;1;
54;Potsdam, Stadt;1205400000008602;STIMMBEZIRK;Groß Glienicke 02;8602;;;N;1118;815;303;0;628;625;3;3;0;2;626;71;156;79;25;121;45;7;4;7;6;0;0;2;21;0;2;0;1;1;0;0;0;0;0;0;3;3;55;0;1;3;2;9;2;
54;Potsdam, Stadt;1205400000009001;BRIEFWAHLBEZIRK;Potsdam Briefwahlbezirk 9001;9001;;;N;0;0;0;0;650;0;650;0;0;12;638;28;120;84;38;117;70;16;9;10;3;0;6;3;29;0;8;5;1;2;1;0;1;1;0;0;2;0;71;0;0;7;0;5;1;
54;Potsdam, Stadt;1205400000008603;STIMMBEZIRK;Groß Glienicke 03;8603;;;N;868;650;218;0;452;448;4;4;0;3;449;59;103;79;16;55;38;11;4;11;0;0;1;0;12;0;0;1;0;0;0;0;0;0;0;0;1;1;51;0;0;2;1;3;0;
54;Potsdam, Stadt;1205400000009002;BRIEFWAHLBEZIRK;Potsdam Briefwahlbezirk 9002;9002;;;N;0;0;0;0;525;0;525;0;0;1;524;33;80;88;18;132;42;22;5;6;1;0;1;1;16;0;5;2;0;0;2;0;0;0;0;0;0;1;50;0;2;12;0;4;1;
54;Potsdam, Stadt;1205400000008604;STIMMBEZIRK;Groß Glienicke 04;8604;;;N;933;727;206;0;424;422;2;2;0;2;422;93;85;65;21;42;15;7;5;16;3;0;6;1;13;0;4;1;0;1;0;0;1;0;1;1;1;3;35;0;0;0;0;1;1;
54;Potsdam, Stadt;1205400000009004;BRIEFWAHLBEZIRK;Potsdam Briefwahlbezirk 9004;9004;;;N;0;0;0;0;669;0;669;0;0;5;664;30;104;103;45;169;43;29;6;7;4;0;4;3;35;1;1;3;0;1;2;0;0;0;0;0;0;1;55;0;2;8;2;6;0;
54;Potsdam, Stadt;1205400000009003;BRIEFWAHLBEZIRK;Potsdam Briefwahlbezirk 9003;9003;;;N;0;0;0;0;741;0;741;0;0;2;739;40;191;110;24;142;98;11;7;3;1;0;1;0;30;1;4;1;0;2;1;0;0;0;0;0;2;3;52;0;2;7;0;6;0;
54;Potsdam, Stadt;1205400000009010;BRIEFWAHLBEZIRK;Potsdam Briefwahlbezirk 9010;9010;;;N;0;0;0;0;312;0;312;0;0;1;311;7;31;44;36;84;16;17;2;4;2;1;3;0;24;0;0;1;1;3;1;0;0;0;0;0;2;1;18;0;2;9;0;2;0;
54;Potsdam, Stadt;1205400000009007;BRIEFWAHLBEZIRK;Potsdam Briefwahlbezirk 9007;9007;;;N;0;0;0;0;465;0;465;0;0;1;464;34;61;83;39;102;25;13;3;6;2;0;3;0;24;0;5;1;1;2;0;0;0;0;0;0;0;2;46;0;1;9;0;2;0;
54;Potsdam, Stadt;1205400000009011;BRIEFWAHLBEZIRK;Potsdam Briefwahlbezirk 9011;9011;;;N;0;0;0;0;427;0;427;0;0;0;427;44;106;54;8;79;46;8;2;11;2;0;0;1;14;0;0;1;1;1;0;0;0;0;0;0;0;2;42;0;0;3;0;2;0;
54;Potsdam, Stadt;1205400000009008;BRIEFWAHLBEZIRK;Potsdam Briefwahlbezirk 9008;9008;;;N;0;0;0;0;276;0;276;0;0;1;275;21;31;35;17;51;13;10;5;7;2;0;3;0;35;0;4;2;0;1;0;3;1;0;0;1;0;0;28;0;1;1;0;3;0;
54;Potsdam, Stadt;1205400000009012;BRIEFWAHLBEZIRK;Potsdam Briefwahlbezirk 9012;9012;;;N;0;0;0;0;425;0;425;0;0;2;423;33;99;81;9;41;40;4;5;6;6;0;4;3;8;0;0;0;0;0;1;1;0;0;0;1;1;6;64;1;2;5;0;2;0;
54;Potsdam, Stadt;1205400000009009;BRIEFWAHLBEZIRK;Potsdam Briefwahlbezirk 9009;9009;;;N;0;0;0;0;516;0;516;0;0;2;514;38;91;70;27;102;36;21;7;11;2;0;1;0;41;0;4;2;0;6;1;0;1;1;0;0;1;1;37;0;1;4;0;8;0;
54;Potsdam, Stadt;1205400000009019;BRIEFWAHLBEZIRK;Potsdam Briefwahlbezirk 9019;9019;;;N;0;0;0;0;706;0;706;0;0;2;704;38;120;115;34;170;44;23;6;10;2;0;2;2;57;0;3;3;0;2;0;2;0;0;0;0;0;4;60;0;0;0;0;5;2;
54;Potsdam, Stadt;1205400000009014;BRIEFWAHLBEZIRK;Potsdam Briefwahlbezirk 9014;9014;;;N;0;0;0;0;542;0;542;0;0;0;542;28;92;75;43;101;45;21;6;9;7;0;1;2;28;0;1;4;0;4;0;0;0;0;0;0;0;1;59;1;1;5;1;7;0;
54;Potsdam, Stadt;1205400000009021;BRIEFWAHLBEZIRK;Potsdam Briefwahlbezirk 9021;9021;;;N;0;0;0;0;463;0;463;0;0;19;444;59;111;64;19;43;24;9;3;9;5;0;7;1;18;0;5;0;0;2;0;0;0;1;1;0;0;2;59;0;0;0;0;2;0;
54;Potsdam, Stadt;1205400000009015;BRIEFWAHLBEZIRK;Potsdam Briefwahlbezirk 9015;9015;;;N;0;0;0;0;670;0;670;0;0;0;670;45;150;113;35;127;37;16;4;10;5;1;2;1;30;0;8;4;0;2;1;2;0;0;0;1;0;1;61;1;2;5;0;5;1;
54;Potsdam, Stadt;1205400000009027;BRIEFWAHLBEZIRK;Potsdam Briefwahlbezirk 9027;9027;;;N;0;0;0;0;563;0;563;0;0;1;562;68;35;67;25;228;18;19;3;3;2;0;1;1;25;0;7;1;0;0;0;0;0;0;0;0;0;0;45;0;1;8;0;2;3;
54;Potsdam, Stadt;1205400000009017;BRIEFWAHLBEZIRK;Potsdam Briefwahlbezirk 9017;9017;;;N;0;0;0;0;573;0;573;0;0;5;568;31;66;122;51;109;26;24;8;17;5;0;1;0;30;0;3;4;2;2;2;0;1;1;0;1;1;1;51;0;1;2;0;4;2;
54;Potsdam, Stadt;1205400000009029;BRIEFWAHLBEZIRK;Potsdam Briefwahlbezirk 9029;9029;;;N;0;0;0;0;533;0;533;0;0;2;531;16;36;72;52;165;24;29;3;9;1;0;1;0;47;0;6;6;4;1;0;0;0;0;0;0;0;0;47;0;0;10;0;1;1;
54;Potsdam, Stadt;1205400000009018;BRIEFWAHLBEZIRK;Potsdam Briefwahlbezirk 9018;9018;;;N;0;0;0;0;609;0;609;0;0;7;602;35;95;103;38;124;30;15;8;14;6;0;4;6;45;0;7;1;0;1;2;2;1;1;0;0;0;3;41;0;0;8;2;8;2;
54;Potsdam, Stadt;1205400000009035;BRIEFWAHLBEZIRK;Potsdam Briefwahlbezirk 9035;9035;;;N;0;0;0;0;423;0;423;0;0;15;408;29;42;74;31;60;9;24;6;17;4;1;3;2;28;1;2;3;0;1;0;2;0;1;0;1;1;2;45;0;2;9;0;6;2;
54;Potsdam, Stadt;1205400000009022;BRIEFWAHLBEZIRK;Potsdam Briefwahlbezirk 9022;9022;;;N;0;0;0;0;430;0;430;0;0;2;428;69;73;73;33;28;22;15;7;6;2;0;2;3;20;0;7;0;0;0;3;2;0;0;1;1;0;1;53;0;0;1;0;5;1;
54;Potsdam, Stadt;1205400000009041;BRIEFWAHLBEZIRK;Potsdam Briefwahlbezirk 9041;9041;;;N;0;0;0;0;514;0;514;0;0;0;514;17;50;76;35;130;27;39;7;10;3;1;0;1;40;0;4;8;0;0;1;1;0;0;0;0;2;1;50;0;0;8;1;2;0;
54;Potsdam, Stadt;1205400000009024;BRIEFWAHLBEZIRK;Potsdam Briefwahlbezirk 9024;9024;;;N;0;0;0;0;481;0;481;0;0;2;479;34;96;83;31;66;30;16;4;8;4;1;1;0;23;0;3;1;0;0;1;1;0;0;0;0;0;0;64;1;1;6;0;3;1;
54;Potsdam, Stadt;1205400000009044;BRIEFWAHLBEZIRK;Potsdam Briefwahlbezirk 9044;9044;;;N;0;0;0;0;710;0;710;0;0;6;704;45;73;102;53;168;27;40;6;15;7;0;4;2;55;1;9;5;1;1;1;2;0;2;0;0;3;4;53;0;2;9;0;7;7;
54;Potsdam, Stadt;1205400000009025;BRIEFWAHLBEZIRK;Potsdam Briefwahlbezirk 9025;9025;;;N;0;0;0;0;526;0;526;0;0;8;518;32;60;100;40;93;25;14;2;7;8;0;2;1;43;0;3;2;0;3;0;0;0;0;0;2;3;2;64;0;1;7;1;2;1;
54;Potsdam, Stadt;1205400000009047;BRIEFWAHLBEZIRK;Potsdam Briefwahlbezirk 9047;9047;;;N;0;0;0;0;355;0;355;0;0;2;353;44;45;58;34;27;5;7;6;11;6;0;0;3;16;0;4;2;0;1;3;1;0;0;0;0;4;3;61;0;2;6;0;4;0;
54;Potsdam, Stadt;1205400000009028;BRIEFWAHLBEZIRK;Potsdam Briefwahlbezirk 9028;9028;;;N;0;0;0;0;554;0;554;0;0;3;551;30;56;80;49;137;15;27;3;4;1;0;5;3;39;0;6;2;0;1;0;1;0;1;0;1;1;1;72;0;1;9;0;6;0;
54;Potsdam, Stadt;1205400000009049;BRIEFWAHLBEZIRK;Potsdam Briefwahlbezirk 9049;9049;;;N;0;0;0;0;448;0;448;0;0;5;443;50;55;99;34;38;6;18;2;15;7;1;5;0;19;0;2;0;0;2;0;0;0;0;0;0;2;2;79;0;0;2;1;2;2;
54;Potsdam, Stadt;1205400000009030;BRIEFWAHLBEZIRK;Potsdam Briefwahlbezirk 9030;9030;;;N;0;0;0;0;560;0;560;0;0;5;555;37;54;95;60;134;13;15;10;5;2;0;1;4;22;0;5;6;0;1;0;1;0;0;0;0;2;0;65;0;5;9;0;8;1;
54;Potsdam, Stadt;1205400000009050;BRIEFWAHLBEZIRK;Potsdam Briefwahlbezirk 9050;9050;;;N;0;0;0;0;585;0;585;0;0;1;584;62;94;99;30;84;29;15;8;11;7;0;3;7;28;1;2;0;0;1;0;0;0;0;0;0;2;5;83;1;2;3;0;5;2;
54;Potsdam, Stadt;1205400000009031;BRIEFWAHLBEZIRK;Potsdam Briefwahlbezirk 9031;9031;;;N;0;0;0;0;564;0;564;0;0;3;561;30;57;87;49;120;10;32;1;6;1;0;9;1;28;0;4;4;0;1;2;0;0;0;1;0;2;4;94;0;0;9;1;7;1;
54;Potsdam, Stadt;1205400000009057;BRIEFWAHLBEZIRK;Potsdam Briefwahlbezirk 9057;9057;;;N;0;0;0;0;332;0;332;0;0;14;318;39;43;66;22;16;12;6;5;12;7;0;2;0;3;0;0;0;1;0;2;0;0;0;0;2;0;1;77;0;0;2;0;0;0;
54;Potsdam, Stadt;1205400000009033;BRIEFWAHLBEZIRK;Potsdam Briefwahlbezirk 9033;9033;;;N;0;0;0;0;580;0;580;0;0;1;579;44;62;87;56;126;14;21;6;8;7;0;1;2;44;0;3;2;4;0;0;0;1;0;2;0;0;1;74;0;1;11;0;1;1;
54;Potsdam, Stadt;1205400000009058;BRIEFWAHLBEZIRK;Potsdam Briefwahlbezirk 9058;9058;;;N;0;0;0;0;336;0;336;0;0;2;334;32;44;67;14;24;12;7;9;4;2;1;1;4;10;0;2;0;0;2;1;0;0;0;0;1;0;1;89;0;0;1;0;3;3;
54;Potsdam, Stadt;1205400000009036;BRIEFWAHLBEZIRK;Potsdam Briefwahlbezirk 9036;9036;;;N;0;0;0;0;475;0;475;0;0;3;472;41;55;98;51;65;20;13;2;3;3;0;1;2;19;0;5;4;3;0;0;0;1;0;1;2;0;1;76;0;1;1;1;2;1;
54;Potsdam, Stadt;1205400000009037;BRIEFWAHLBEZIRK;Potsdam Briefwahlbezirk 9037;9037;;;N;0;0;0;0;641;0;641;0;0;1;640;36;131;110;33;143;56;10;3;10;1;0;1;2;31;0;4;3;1;1;0;0;0;0;0;0;0;2;51;1;1;7;1;1;0;
54;Potsdam, Stadt;1205400000009042;BRIEFWAHLBEZIRK;Potsdam Briefwahlbezirk 9042;9042;;;N;0;0;0;0;606;0;606;0;0;2;604;37;63;101;57;129;26;17;4;5;1;0;5;7;38;0;2;6;0;5;1;1;0;1;0;0;3;2;80;0;1;3;0;7;2;
54;Potsdam, Stadt;1205400000009048;BRIEFWAHLBEZIRK;Potsdam Briefwahlbezirk 9048;9048;;;N;0;0;0;0;392;0;392;0;0;2;390;54;34;61;41;43;9;11;7;8;5;2;5;3;19;1;1;1;1;0;2;2;1;0;0;1;0;3;68;1;0;3;0;3;0;
54;Potsdam, Stadt;1205400000009053;BRIEFWAHLBEZIRK;Potsdam Briefwahlbezirk 9053;9053;;;N;0;0;0;0;416;0;416;0;0;2;414;57;47;73;46;23;13;14;3;11;4;1;6;6;17;1;4;2;2;0;0;0;2;0;0;0;0;0;77;0;0;0;1;2;2;
54;Potsdam, Stadt;1205400000009059;BRIEFWAHLBEZIRK;Potsdam Briefwahlbezirk 9059;9059;;;N;0;0;0;0;424;0;424;0;0;1;423;43;61;77;21;70;25;10;4;7;3;0;6;2;18;0;2;0;4;1;0;0;0;0;0;0;0;3;60;0;0;2;0;3;1;
54;Potsdam, Stadt;1205400000009062;BRIEFWAHLBEZIRK;Potsdam Briefwahlbezirk 9062;9062;;;N;0;0;0;0;844;0;844;0;0;3;841;83;131;129;58;90;44;28;13;26;7;1;3;5;27;0;8;5;2;2;1;2;0;1;0;1;2;10;139;0;0;7;4;10;2;
;;54;KREIS;Potsdam, Stadt;;;;N;138781;104341;34440;0;100485;68597;31888;347;0;889;99596;13502;14280;15258;6542;15390;4516;3418;1040;1734;771;96;536;475;5247;49;646;480;97;260;174;89;70;53;22;78;244;489;11981;56;146;777;86;796;198;
54;Potsdam, Stadt;1205400000001302;STIMMBEZIRK;Bornstedt 02;1302;;;N;1155;903;252;0;646;646;0;0;0;8;638;96;98;97;45;75;19;24;10;13;6;0;7;4;26;0;4;2;0;3;4;2;0;0;1;0;2;6;86;0;0;1;0;5;2;
54;Potsdam, Stadt;1205400000001306;STIMMBEZIRK;Bornstedt 06;1306;;;N;1158;821;337;0;710;709;1;1;0;3;707;57;149;119;26;140;39;17;6;14;4;0;5;8;40;2;6;3;0;1;0;0;0;0;0;0;0;6;55;0;0;0;3;6;1;
54;Potsdam, Stadt;1205400000001502;STIMMBEZIRK;Eiche 02;1502;;;N;709;522;187;0;325;325;0;0;0;1;324;47;43;45;29;35;9;11;4;9;3;1;3;1;15;1;3;0;2;3;0;0;0;0;1;0;0;3;44;0;1;4;0;6;1;
54;Potsdam, Stadt;1205400000001504;STIMMBEZIRK;Eiche 04;1504;;;N;907;639;268;0;414;414;0;0;0;2;412;41;47;55;39;75;10;15;6;7;1;0;3;3;47;0;4;2;0;2;0;0;0;1;0;0;0;2;41;0;1;5;1;4;0;
54;Potsdam, Stadt;1205400000001601;STIMMBEZIRK;Grube 01;1601;;;N;357;255;102;0;176;176;0;0;0;3;173;48;22;24;6;28;2;5;0;3;1;2;0;0;3;0;1;0;1;1;1;0;0;0;0;0;0;0;22;0;1;0;0;1;1;
54;Potsdam, Stadt;1205400000002201;STIMMBEZIRK;Jägervorstadt 01;2201;;;N;1190;828;362;0;606;604;2;2;0;0;606;75;105;75;34;120;50;24;5;13;1;1;1;4;22;1;5;5;1;2;0;0;0;0;0;0;1;2;54;0;1;2;0;2;0;
54;Potsdam, Stadt;1205400000002302;STIMMBEZIRK;Berliner Vorstadt 02;2302;;;N;1056;704;352;0;559;554;5;5;0;0;559;56;103;94;28;112;49;12;6;7;1;0;1;2;15;0;2;3;1;2;0;0;1;0;0;0;0;2;57;0;0;1;0;4;0;
54;Potsdam, Stadt;1205400000003101;STIMMBEZIRK;Brandenburger Vorstadt 01;3101;;;N;1160;826;334;0;502;502;0;0;0;2;500;53;86;75;48;67;14;14;3;3;3;0;4;3;25;1;3;1;0;1;0;0;0;1;0;0;1;3;81;0;0;2;0;8;0;
54;Potsdam, Stadt;1205400000003104;STIMMBEZIRK;Brandenburger Vorstadt 04;3104;;;N;1261;1009;252;0;649;649;0;0;0;11;638;90;82;146;41;52;21;19;5;12;6;0;3;3;24;0;3;4;0;1;0;1;0;1;0;0;2;5;109;1;0;4;1;2;0;
54;Potsdam, Stadt;1205400000003105;STIMMBEZIRK;Brandenburger Vorstadt 05;3105;;;N;676;469;207;0;375;375;0;0;0;2;373;31;42;55;27;94;13;30;4;4;1;0;1;1;15;1;5;3;0;1;1;0;0;0;0;0;2;0;28;0;0;9;1;4;0;
54;Potsdam, Stadt;1205400000003106;STIMMBEZIRK;Brandenburger Vorstadt 06;3106;;;N;1165;788;377;0;661;648;13;13;0;2;659;37;50;88;57;230;21;26;4;5;4;0;2;3;45;0;10;2;0;0;0;0;0;1;0;0;0;3;51;0;2;13;0;4;1;
54;Potsdam, Stadt;1205400000004101;STIMMBEZIRK;Historische Innenstadt 01;4101;;;N;1161;821;340;0;584;584;0;0;0;4;580;46;70;99;39;128;30;21;6;6;1;0;2;3;32;0;6;1;1;4;0;0;1;0;0;0;1;2;71;0;0;4;1;4;1;
54;Potsdam, Stadt;1205400000004107;STIMMBEZIRK;Historische Innenstadt 07;4107;;;N;1056;850;206;0;509;508;1;1;0;8;501;83;60;98;53;52;13;18;7;16;1;1;1;1;12;1;3;0;0;0;1;0;1;0;1;1;1;4;69;0;0;1;0;2;0;
54;Potsdam, Stadt;1205400000004301;STIMMBEZIRK;Zentrum Ost und Nuthepark 01;4301;;;N;1103;823;280;0;525;524;1;1;0;6;519;88;48;71;30;57;20;20;5;14;3;1;4;3;44;0;5;6;2;5;1;0;1;0;0;0;1;5;70;0;1;5;2;5;2;
54;Potsdam, Stadt;1205400000004403;STIMMBEZIRK;Hauptbahnhof und Brauhausberg Nord 03;4403;;;N;1107;758;349;0;542;536;6;6;0;2;540;45;45;57;47;114;17;55;7;13;1;0;6;1;47;0;4;8;0;2;2;0;0;0;0;0;2;2;41;6;1;9;0;7;1;
54;Potsdam, Stadt;1205400000005202;STIMMBEZIRK;Babelsberg Nord 02;5202;;;N;1191;772;419;0;609;608;1;1;0;3;606;77;98;81;23;124;60;13;9;6;1;2;2;2;29;0;6;3;0;1;0;0;0;0;0;0;2;2;59;0;0;4;1;1;0;
54;Potsdam, Stadt;1205400000005205;STIMMBEZIRK;Babelsberg Nord 05;5205;;;N;1240;884;356;0;674;673;1;1;0;6;668;60;64;88;61;154;31;37;8;9;0;0;5;5;51;0;1;6;0;1;1;0;0;0;0;1;8;2;54;0;0;11;1;6;3;
54;Potsdam, Stadt;1205400000005301;STIMMBEZIRK;Babelsberg Süd 01;5301;;;N;1142;881;261;0;649;645;4;4;0;3;646;86;52;96;45;104;29;28;3;14;7;1;3;6;51;1;4;6;0;0;2;0;0;0;0;0;6;3;78;0;3;7;1;7;3;
54;Potsdam, Stadt;1205400000005303;STIMMBEZIRK;Babelsberg Süd 03;5303;;;N;1179;891;288;0;664;660;4;4;0;7;657;70;85;112;44;100;23;34;6;19;5;0;5;3;34;2;6;7;0;2;3;1;0;0;1;0;2;3;79;1;0;5;2;2;1;
54;Potsdam, Stadt;1205400000005304;STIMMBEZIRK;Babelsberg Süd 04;5304;;;N;1378;991;387;0;669;666;3;3;0;7;662;72;76;128;42;119;17;24;9;13;7;0;3;4;45;0;6;2;0;1;0;0;0;0;1;0;1;1;80;0;1;6;0;3;1;
54;Potsdam, Stadt;1205400000006203;STIMMBEZIRK;Teltower Vorstadt 03;6203;;;N;1178;874;304;0;654;650;4;4;0;8;646;110;109;121;28;75;28;16;4;6;4;0;3;0;25;1;0;1;1;2;0;0;0;0;0;0;2;2;97;0;3;6;0;1;1;
54;Potsdam, Stadt;1205400000006301;STIMMBEZIRK;Schlaatz 01;6301;;;N;844;693;151;0;375;374;1;1;0;5;370;87;42;71;29;20;2;9;7;3;2;0;3;0;9;0;0;0;1;0;0;1;0;0;0;1;2;3;71;2;0;3;0;2;0;
54;Potsdam, Stadt;1205400000006302;STIMMBEZIRK;Schlaatz 02;6302;;;N;726;639;87;0;303;302;1;1;0;6;297;99;28;51;16;8;8;5;7;6;7;0;2;2;11;0;2;0;0;1;2;0;1;0;0;0;1;0;35;0;0;1;0;3;1;
54;Potsdam, Stadt;1205400000006303;STIMMBEZIRK;Schlaatz 03;6303;;;N;939;791;148;0;404;402;2;2;0;2;402;111;49;60;24;30;7;11;4;9;4;0;1;1;15;0;2;1;1;0;3;0;0;0;0;2;1;4;58;0;1;3;0;0;0;
54;Potsdam, Stadt;1205400000006304;STIMMBEZIRK;Schlaatz 04;6304;;;N;725;618;107;0;261;261;0;0;0;8;253;54;22;57;20;15;5;8;3;5;7;0;1;2;9;0;0;0;1;1;0;0;0;0;0;0;1;0;35;0;1;1;0;5;0;
54;Potsdam, Stadt;1205400000006306;STIMMBEZIRK;Schlaatz 06;6306;;;N;858;758;100;0;320;320;0;0;0;5;315;106;19;35;16;29;10;8;1;6;6;2;1;5;15;0;0;1;1;1;1;0;0;0;0;1;0;3;43;0;0;3;0;1;1;
54;Potsdam, Stadt;1205400000006401;STIMMBEZIRK;Waldstadt I und Industriegelände 01;6401;;;N;1237;916;321;0;565;564;1;1;0;6;559;121;80;91;36;41;24;16;8;6;9;0;5;12;21;0;3;1;0;1;1;0;0;0;0;0;1;6;70;0;2;2;0;2;0;
54;Potsdam, Stadt;1205400000006403;STIMMBEZIRK;Waldstadt I und Industriegelände 03;6403;;;N;1046;827;219;0;506;506;0;0;0;6;500;116;65;94;42;26;6;10;4;3;8;0;2;4;10;0;6;3;0;0;0;0;1;0;0;0;0;2;87;0;0;2;2;6;1;
54;Potsdam, Stadt;1205400000006405;STIMMBEZIRK;Waldstadt I und Industriegelände 05;6405;;;N;919;672;247;0;438;432;6;6;0;2;436;65;75;62;22;55;18;18;5;11;5;1;2;2;21;0;4;0;0;2;0;1;0;0;0;0;0;2;52;0;1;1;0;10;1;
54;Potsdam, Stadt;1205400000006502;STIMMBEZIRK;Waldstadt II 02;6502;;;N;1297;1094;203;0;583;583;0;0;0;6;577;182;56;82;46;26;9;20;4;15;9;1;2;0;22;0;4;0;0;1;3;0;0;1;0;1;2;3;86;0;0;1;1;0;0;
54;Potsdam, Stadt;1205400000006504;STIMMBEZIRK;Waldstadt II 04;6504;;;N;1116;920;196;0;438;438;0;0;0;9;429;99;48;72;31;28;10;15;6;9;4;0;3;2;22;0;0;1;0;3;0;0;2;0;0;1;0;2;67;0;0;2;0;1;1;
54;Potsdam, Stadt;1205400000006505;STIMMBEZIRK;Waldstadt II 05;6505;;;N;980;794;186;0;424;422;2;2;0;9;415;120;47;51;20;14;11;6;10;10;5;2;1;7;25;1;0;0;1;2;2;1;1;0;0;1;0;4;68;0;1;0;0;3;1;
54;Potsdam, Stadt;1205400000006507;STIMMBEZIRK;Waldstadt II 07;6507;;;N;876;738;138;0;429;429;0;0;0;8;421;115;53;53;19;19;6;16;2;7;11;0;5;1;16;0;2;3;1;0;0;0;0;0;0;0;1;2;80;0;0;1;0;8;0;
54;Potsdam, Stadt;1205400000007101;STIMMBEZIRK;Stern 01;7101;;;N;1282;948;334;0;639;635;4;4;0;12;627;117;106;102;30;76;33;15;4;10;5;1;3;0;18;0;4;5;1;1;0;0;1;0;0;0;0;1;85;1;0;1;3;4;0;
54;Potsdam, Stadt;1205400000007103;STIMMBEZIRK;Stern 03;7103;;;N;1099;875;224;0;552;552;0;0;0;8;544;108;91;93;44;32;11;8;3;4;7;1;1;3;23;0;2;1;0;2;2;1;0;0;0;2;2;6;91;0;0;1;0;4;1;
54;Potsdam, Stadt;1205400000007111;STIMMBEZIRK;Stern 11;7111;;;N;1000;759;241;0;473;471;2;2;0;3;470;96;71;74;30;33;17;8;5;7;3;0;4;4;17;0;2;0;0;0;0;0;0;0;0;0;1;1;92;0;0;1;1;3;0;
54;Potsdam, Stadt;1205400000007112;STIMMBEZIRK;Stern 12;7112;;;N;905;749;156;0;320;320;0;0;0;9;311;88;37;61;19;9;4;5;3;7;5;1;1;2;13;0;5;0;3;1;1;0;1;0;0;1;0;2;39;0;0;2;1;0;0;
54;Potsdam, Stadt;1205400000007203;STIMMBEZIRK;Drewitz 03;7203;;;N;783;667;116;0;339;339;0;0;0;4;335;95;46;41;20;20;5;8;3;1;5;2;3;5;11;0;2;2;0;1;1;0;1;0;0;1;1;2;55;0;0;0;2;2;0;
54;Potsdam, Stadt;1205400000007204;STIMMBEZIRK;Drewitz 04;7204;;;N;760;665;95;0;326;326;0;0;0;4;322;115;32;41;32;10;3;10;3;8;2;0;7;4;8;0;0;1;1;0;0;1;0;0;0;0;1;1;39;0;0;0;0;2;1;
54;Potsdam, Stadt;1205400000008201;STIMMBEZIRK;Marquardt 01;8201;;;N;962;799;163;0;569;568;1;1;0;5;564;137;88;89;28;37;20;10;9;10;7;1;0;5;20;0;7;4;0;0;1;0;1;2;0;0;1;0;79;0;1;2;0;5;0;
54;Potsdam, Stadt;1205400000008401;STIMMBEZIRK;Fahrland 01;8401;;;N;846;648;198;0;441;439;2;2;0;4;437;98;93;66;11;22;17;12;9;10;5;2;2;2;11;0;6;1;0;0;0;0;2;0;0;0;1;5;54;1;0;0;1;5;1;
54;Potsdam, Stadt;1205400000008402;STIMMBEZIRK;Fahrland 02;8402;;;N;1114;818;296;0;572;569;3;3;0;6;566;140;118;79;26;44;33;8;5;11;4;1;3;0;14;0;1;0;0;0;0;0;0;7;0;2;0;4;61;0;0;0;3;1;1;
54;Potsdam, Stadt;1205400000009005;BRIEFWAHLBEZIRK;Potsdam Briefwahlbezirk 9005;9005;;;N;0;0;0;0;590;0;590;0;0;2;588;26;61;63;50;155;30;41;4;12;2;0;4;1;49;0;2;3;0;2;1;0;0;0;0;1;2;1;61;0;0;5;0;8;4;
54;Potsdam, Stadt;1205400000009006;BRIEFWAHLBEZIRK;Potsdam Briefwahlbezirk 9006;9006;;;N;0;0;0;0;535;0;535;0;0;4;531;3;75;110;62;0;37;32;8;9;2;0;4;2;57;0;6;5;0;1;2;0;2;0;0;0;0;2;90;1;0;14;0;4;3;
54;Potsdam, Stadt;1205400000009013;BRIEFWAHLBEZIRK;Potsdam Briefwahlbezirk 9013;9013;;;N;0;0;0;0;679;0;679;0;0;3;676;50;143;107;32;93;32;19;11;11;7;0;0;2;20;0;5;4;0;2;1;2;0;0;0;0;4;2;119;1;0;7;1;1;0;
54;Potsdam, Stadt;1205400000009016;BRIEFWAHLBEZIRK;Potsdam Briefwahlbezirk 9016;9016;;;N;0;0;0;0;600;0;600;0;0;1;599;61;99;112;21;115;44;22;6;8;5;0;2;1;32;0;3;5;0;0;0;0;0;1;0;0;2;2;48;0;2;7;0;1;0;
54;Potsdam, Stadt;1205400000009020;BRIEFWAHLBEZIRK;Potsdam Briefwahlbezirk 9020;9020;;;N;0;0;0;0;297;0;297;0;0;2;295;42;62;49;12;35;7;9;3;5;3;0;0;4;4;0;2;0;0;0;1;2;2;0;0;0;0;3;46;0;1;0;0;3;0;
54;Potsdam, Stadt;1205400000009023;BRIEFWAHLBEZIRK;Potsdam Briefwahlbezirk 9023;9023;;;N;0;0;0;0;326;0;326;0;0;2;324;39;69;56;15;32;17;11;5;2;2;2;2;0;10;0;3;2;0;0;0;0;0;0;0;0;1;1;52;0;0;0;1;2;0;
54;Potsdam, Stadt;1205400000009026;BRIEFWAHLBEZIRK;Potsdam Briefwahlbezirk 9026;9026;;;N;0;0;0;0;615;0;615;0;0;3;612;50;103;81;39;106;33;18;13;6;10;0;3;0;55;0;4;6;1;3;0;2;0;0;0;0;2;3;57;0;1;4;1;9;2;
54;Potsdam, Stadt;1205400000009032;BRIEFWAHLBEZIRK;Potsdam Briefwahlbezirk 9032;9032;;;N;0;0;0;0;443;0;443;0;0;3;440;17;63;66;38;91;31;15;1;6;3;0;4;0;34;0;2;0;1;0;1;2;0;1;0;0;0;2;56;0;0;4;0;2;0;
54;Potsdam, Stadt;1205400000009034;BRIEFWAHLBEZIRK;Potsdam Briefwahlbezirk 9034;9034;;;N;0;0;0;0;309;0;309;0;0;1;308;19;52;52;15;65;20;4;3;2;1;0;0;0;19;0;3;0;0;1;2;1;0;0;0;0;0;0;41;0;2;4;1;1;0;
54;Potsdam, Stadt;1205400000009038;BRIEFWAHLBEZIRK;Potsdam Briefwahlbezirk 9038;9038;;;N;0;0;0;0;716;0;716;0;0;1;715;35;116;111;39;177;58;28;7;13;3;1;4;0;34;0;2;4;0;1;1;0;0;0;0;0;3;3;57;0;1;9;1;5;2;
54;Potsdam, Stadt;1205400000009039;BRIEFWAHLBEZIRK;Potsdam Briefwahlbezirk 9039;9039;;;N;0;0;0;0;619;0;619;0;0;2;617;23;63;98;40;182;32;30;6;11;3;0;3;0;34;0;5;10;0;1;0;1;0;0;0;0;1;2;60;0;3;3;0;6;0;
54;Potsdam, Stadt;1205400000009040;BRIEFWAHLBEZIRK;Potsdam Briefwahlbezirk 9040;9040;;;N;0;0;0;0;545;0;545;0;0;2;543;32;49;86;37;167;19;19;4;8;1;0;4;2;36;0;3;3;1;0;0;1;0;0;0;0;3;1;47;0;0;14;0;4;2;
54;Potsdam, Stadt;1205400000009043;BRIEFWAHLBEZIRK;Potsdam Briefwahlbezirk 9043;9043;;;N;0;0;0;0;668;0;668;0;0;1;667;37;94;89;56;153;40;24;5;9;3;0;8;1;52;1;3;2;0;4;1;0;0;1;0;0;1;1;68;0;0;4;0;9;1;
54;Potsdam, Stadt;1205400000009045;BRIEFWAHLBEZIRK;Potsdam Briefwahlbezirk 9045;9045;;;N;0;0;0;0;303;0;303;0;0;3;300;21;40;33;17;74;20;19;3;7;1;0;0;7;23;0;3;0;1;0;0;1;0;0;0;0;0;2;21;0;0;3;0;4;0;
54;Potsdam, Stadt;1205400000009046;BRIEFWAHLBEZIRK;Potsdam Briefwahlbezirk 9046;9046;;;N;0;0;0;0;609;0;609;0;0;21;588;59;83;90;49;93;21;17;12;10;5;0;5;4;17;0;0;2;0;0;1;1;1;0;0;1;2;1;105;0;1;4;1;3;0;
54;Potsdam, Stadt;1205400000009051;BRIEFWAHLBEZIRK;Potsdam Briefwahlbezirk 9051;9051;;;N;0;0;0;0;488;0;488;0;0;0;488;80;47;95;37;42;12;18;9;11;6;2;6;2;13;0;4;0;4;0;1;0;0;0;0;0;1;1;89;0;1;2;0;5;0;
54;Potsdam, Stadt;1205400000009052;BRIEFWAHLBEZIRK;Potsdam Briefwahlbezirk 9052;9052;;;N;0;0;0;0;387;0;387;0;0;1;386;41;64;83;39;25;7;6;3;11;4;0;5;2;6;0;4;2;1;1;1;2;0;0;0;1;1;4;64;0;0;6;0;2;1;
54;Potsdam, Stadt;1205400000009054;BRIEFWAHLBEZIRK;Potsdam Briefwahlbezirk 9054;9054;;;N;0;0;0;0;319;0;319;0;0;7;312;29;35;65;23;36;14;9;4;8;4;0;7;3;10;0;3;1;0;3;1;1;0;0;0;1;0;2;49;0;0;0;2;2;0;
54;Potsdam, Stadt;1205400000009055;BRIEFWAHLBEZIRK;Potsdam Briefwahlbezirk 9055;9055;;;N;0;0;0;0;448;0;448;0;0;2;446;42;73;80;32;45;24;11;7;9;4;0;1;0;21;1;1;2;0;3;3;0;1;0;0;0;1;5;74;0;0;0;1;4;1;
54;Potsdam, Stadt;1205400000009056;BRIEFWAHLBEZIRK;Potsdam Briefwahlbezirk 9056;9056;;;N;0;0;0;0;451;0;451;0;0;2;449;43;55;71;36;51;23;3;10;8;2;0;5;2;29;0;3;1;0;0;2;1;0;1;0;1;0;3;93;1;1;1;0;1;2;
54;Potsdam, Stadt;1205400000009060;BRIEFWAHLBEZIRK;Potsdam Briefwahlbezirk 9060;9060;;;N;0;0;0;0;364;0;364;0;0;0;364;57;59;57;23;28;18;7;12;5;5;0;1;3;12;0;1;1;0;0;0;0;0;0;0;0;0;4;64;1;0;0;0;4;2;
54;Potsdam, Stadt;1205400000009061;BRIEFWAHLBEZIRK;Potsdam Briefwahlbezirk 9061;9061;;;N;0;0;0;0;369;0;369;0;0;2;367;54;42;57;38;30;6;8;8;9;4;0;2;2;12;0;5;1;0;3;0;0;1;0;0;0;2;3;74;1;0;1;0;3;1;
