Gemeinde;Gemeindename;Wahlkreisnummer;Gebietsnummer;Gebietsart;Gebietsname;Bezirksnummer;Ausgezaehlt abweichend Gebiet;Ausgezaehlt abweichend AGS;Ausbleibend;Wahlberechtigte gesamt (A);Wahlberechtigte ohne Wahlschein (A1);Wahlberechtigte mit Wahlschein (A2);Wahlberechtigte nicht im WVZ (A3);Waehler gesamt (B);Waehler ohne Wahlschein;Waehler mit Wahlschein;Urnenwaehler mit Wahlschein in Urnenwahllokal;Briefwaehler mit Wahlschein in Urnenwahllokal;Stimmen ungueltige (C);Stimmen gueltige (D);D1;D1_1;D1_2;D1_3;D1_4;D1_5;D1_6;D1_7;D1_8;D1_9;D1_10;D1_11;D1_12;D1_13;D1_14;D2;D2_1;D2_2;D2_3;D2_4;D2_5;D2_6;D2_7;D2_8;D2_9;D2_10;D2_11;D2_12;D2_13;D2_14;D3;D3_1;D3_2;D3_3;D3_4;D3_5;D3_6;D3_7;D3_8;D3_9;D3_10;D3_11;D3_12;D3_13;D3_14;D4;D4_1;D4_2;D4_3;D4_4;D4_5;D4_6;D4_7;D4_8;D4_9;D4_10;D4_11;D4_12;D4_13;D4_14;D5;D5_1;D5_2;D5_3;D5_4;D5_5;D5_6;D5_7;D5_8;D5_9;D5_10;D5_11;D5_12;D5_13;D5_14;D6;D6_1;D6_2;D6_3;D6_4;D7;D7_1;D7_2;D7_3;D7_4;D7_5;D7_6;D7_7;D7_8;D7_9;D7_10;D7_11;D7_12;D7_13;D7_14;D8;D8_1;D8_2;D9;D9_1;D9_2;D9_3;D9_4;D9_5;D9_6;D9_7;D9_8;D10;D10_1;D10_2;D10_3;D10_4;D10_5;D10_6;D10_7;D10_8;D11;D11_1;D11_2;D11_3;D11_4;D11_5;D12;D12_1;D12_2;D13;D13_1;Column 149
54;Potsdam, Stadt;5401;1205400000002102;STIMMBEZIRK;Nauener Vorstadt 02;2102;;;N;1042;703;339;0;484;483;1;1;0;13;1400;233;109;47;9;9;4;6;8;2;5;9;9;3;6;7;347;136;65;30;12;23;8;17;2;2;20;2;16;14;0;92;34;11;10;1;3;7;6;4;3;6;2;0;2;3;182;88;18;6;12;9;2;4;7;12;2;1;2;13;6;170;47;16;25;8;16;12;1;16;8;3;6;0;2;10;121;65;56;;;83;41;11;1;11;1;1;4;1;1;4;1;5;1;0;34;34;;26;8;4;1;4;1;3;0;5;24;10;3;7;4;;;;;22;13;2;7;;;32;32;;34;34;
54;Potsdam, Stadt;5401;1205400000004101;STIMMBEZIRK;Historische Innenstadt 01;4101;;;N;1202;862;340;0;593;593;0;0;0;9;1737;320;151;63;16;19;11;14;8;3;10;2;3;1;8;11;337;135;32;44;10;22;4;21;3;10;21;3;21;5;6;139;50;16;11;8;14;4;2;9;6;2;4;0;12;1;252;99;26;11;26;15;6;6;5;15;5;7;5;21;5;247;27;26;16;5;24;36;2;35;13;31;5;6;4;17;131;85;46;;;82;34;10;9;6;0;0;15;2;0;2;0;2;2;0;39;39;;40;17;7;7;3;1;0;4;1;60;29;16;7;8;;;;;14;12;1;1;;;58;58;;18;18;
54;Potsdam, Stadt;5401;1205400000004104;STIMMBEZIRK;Historische Innenstadt 04;4104;;;N;988;698;290;0;462;459;3;3;0;13;1337;160;62;29;8;9;4;3;13;4;2;2;5;2;9;8;195;53;33;17;13;15;3;11;2;5;13;3;20;5;2;172;50;16;22;17;9;14;11;7;7;5;5;1;3;5;162;63;17;4;9;8;7;2;8;12;6;5;7;13;1;182;39;22;12;9;25;16;0;18;12;9;4;1;4;11;180;106;74;;;56;28;13;2;2;0;2;5;0;0;1;1;1;1;0;51;51;;29;12;6;1;0;2;1;1;6;31;19;1;7;4;;;;;13;11;1;1;;;81;81;;25;25;
54;Potsdam, Stadt;5401;1205400000004106;STIMMBEZIRK;Historische Innenstadt 06;4106;;;N;939;682;257;0;447;443;4;4;0;6;1319;193;83;27;13;18;9;3;6;1;8;4;5;0;7;9;220;62;34;24;13;14;6;7;5;5;16;1;31;2;0;128;30;13;9;5;13;23;7;2;4;5;5;7;1;4;208;89;32;5;11;14;7;3;8;7;14;3;1;8;6;128;17;8;10;10;23;7;1;21;16;3;2;3;1;6;169;120;49;;;66;18;16;2;2;2;1;2;3;3;7;5;0;3;2;43;43;;27;4;3;3;8;1;1;5;2;42;25;4;7;6;;;;;20;16;2;2;;;63;63;;12;12;
54;Potsdam, Stadt;5401;1205400000004109;STIMMBEZIRK;Historische Innenstadt 09;4109;;;N;1247;942;305;0;574;571;3;3;0;16;1658;347;132;61;9;20;16;29;5;4;14;7;14;7;10;19;214;57;26;30;12;16;3;14;3;6;22;2;18;4;1;184;62;19;12;10;13;17;8;12;4;9;6;6;3;3;195;80;16;9;19;8;10;5;5;10;6;9;2;12;4;172;26;13;15;14;17;14;2;15;13;8;12;7;4;12;199;127;72;;;91;35;26;3;4;0;4;3;2;1;2;0;3;3;5;48;48;;40;25;1;3;3;3;0;2;3;73;31;17;17;8;;;;;25;18;4;3;;;59;59;;11;11;
54;Potsdam, Stadt;5401;1205400000008602;STIMMBEZIRK;Groß Glienicke 02;8602;;;N;1130;830;300;0;631;628;3;3;0;8;1855;286;97;55;8;17;17;4;13;7;5;42;5;3;3;10;353;119;33;35;10;14;52;11;2;9;12;2;24;28;2;93;29;10;6;3;5;4;6;8;4;8;0;6;1;3;523;147;30;129;56;86;9;2;12;12;5;1;2;22;10;67;22;6;7;4;3;3;6;2;3;3;2;1;2;3;185;108;77;;;140;57;25;8;17;2;1;4;5;3;4;8;4;1;1;24;24;;103;57;16;3;12;9;3;0;3;20;11;0;8;1;;;;;20;17;2;1;;;38;38;;3;3;
54;Potsdam, Stadt;5401;1205400000009003;BRIEFWAHLBEZIRK;Potsdam Briefwahlbezirk 9003;9003;;;N;0;0;0;0;731;0;731;0;0;1;2188;346;149;51;11;19;12;18;20;11;9;12;7;6;4;17;447;114;73;47;21;41;13;22;7;9;30;6;50;13;1;88;31;7;6;13;0;4;5;8;1;2;4;0;3;4;615;288;82;20;44;28;6;8;23;47;13;6;6;36;8;142;20;16;6;4;25;33;1;10;6;5;7;0;2;7;130;75;55;;;221;105;31;12;31;2;2;7;16;2;4;4;3;2;0;20;20;;30;13;8;3;3;1;0;1;1;22;8;4;3;7;;;;;51;42;6;3;;;33;33;;43;43;
54;Potsdam, Stadt;5401;1205400000009007;BRIEFWAHLBEZIRK;Potsdam Briefwahlbezirk 9007;9007;;;N;0;0;0;0;461;0;461;0;0;4;1350;254;86;57;6;17;17;6;10;4;12;9;3;2;17;8;263;77;36;25;14;16;6;12;6;3;14;4;27;20;3;154;32;4;5;14;4;13;11;3;7;9;3;34;9;6;189;74;26;13;6;16;9;6;6;9;4;1;4;13;2;176;41;12;6;5;25;15;6;30;13;4;9;3;1;6;94;46;48;;;62;37;5;0;3;1;4;4;0;1;1;2;0;4;0;23;23;;30;11;3;3;2;2;1;3;5;26;7;2;5;12;;;;;22;17;3;2;;;45;45;;12;12;
54;Potsdam, Stadt;5401;1205400000009011;BRIEFWAHLBEZIRK;Potsdam Briefwahlbezirk 9011;9011;;;N;0;0;0;0;425;0;425;0;0;2;1255;172;64;24;2;11;6;3;6;2;3;35;3;2;4;7;220;45;35;27;9;7;30;6;1;3;11;2;23;21;0;41;11;3;4;2;6;2;5;1;2;0;1;2;1;1;356;108;21;47;52;78;5;1;0;18;4;4;3;13;2;33;5;2;7;0;4;3;0;5;4;1;0;1;0;1;107;62;45;;;71;31;11;3;18;3;0;2;0;1;0;1;1;0;0;28;28;;154;95;4;4;21;8;11;0;11;25;6;10;3;6;;;;;13;13;0;0;;;29;29;;6;6;
54;Potsdam, Stadt;5402;1205400000001101;STIMMBEZIRK;Bornim 01;1101;;;N;1155;895;260;0;608;600;8;8;0;8;1789;410;116;44;192;7;2;5;3;8;10;9;8;0;1;5;150;49;23;14;14;6;5;2;6;9;4;7;2;7;2;113;45;14;4;5;11;8;8;7;4;6;1;;;;327;113;22;24;15;55;5;12;14;15;7;15;14;7;9;97;17;4;12;12;8;3;6;4;7;13;0;0;5;6;385;273;112;;;66;13;11;8;1;6;1;7;5;2;6;2;1;0;3;43;43;;92;59;19;7;2;5;;;;72;35;15;6;16;;;;;34;20;5;6;3;;;;;;;
54;Potsdam, Stadt;5402;1205400000001306;STIMMBEZIRK;Bornstedt 06;1306;;;N;1166;830;336;0;712;711;1;1;0;7;2105;479;220;92;65;28;5;11;4;15;4;6;16;5;3;5;396;142;70;41;39;8;13;12;7;17;1;14;11;15;6;126;57;17;6;17;11;6;2;2;3;3;2;;;;487;121;48;58;114;28;21;4;4;9;36;8;13;2;21;162;61;17;16;9;6;5;7;0;12;5;10;1;8;5;151;119;32;;;95;17;16;9;14;0;3;10;0;2;0;5;8;3;8;43;43;;74;43;18;5;4;4;;;;38;11;10;8;9;;;;;54;10;9;25;10;;;;;;;
54;Potsdam, Stadt;5401;1205400000001401;STIMMBEZIRK;Sacrow 01;1401;;;N;114;72;42;0;63;63;0;0;0;0;188;47;18;9;5;5;2;0;0;0;3;0;1;0;0;4;32;12;0;3;1;8;1;2;0;2;1;0;1;1;0;14;6;1;1;1;0;4;0;0;0;1;0;0;0;0;39;11;10;1;0;5;1;0;2;3;0;1;2;3;0;11;1;2;3;0;1;1;0;0;1;1;0;0;0;1;19;10;9;;;2;1;0;0;1;0;0;0;0;0;0;0;0;0;0;3;3;;1;1;0;0;0;0;0;0;0;7;3;1;0;3;;;;;6;4;1;1;;;7;7;;0;0;
54;Potsdam, Stadt;5402;1205400000002201;STIMMBEZIRK;Jägervorstadt 01;2201;;;N;1208;848;360;0;610;608;2;2;0;3;1810;332;141;45;69;15;6;15;5;7;4;2;14;4;0;5;371;102;71;45;28;9;17;12;8;15;0;25;12;19;8;155;62;17;16;11;10;15;4;0;16;2;2;;;;347;84;43;28;24;53;22;14;13;18;19;3;13;2;11;145;57;12;10;7;8;11;9;3;6;10;1;0;8;3;226;173;53;;;96;37;19;15;3;0;3;4;2;0;1;2;5;0;5;39;39;;26;12;7;3;2;2;;;;59;26;16;5;12;;;;;14;1;4;6;3;;;;;;;
54;Potsdam, Stadt;5401;1205400000002103;STIMMBEZIRK;Nauener Vorstadt 03;2103;;;N;960;671;289;0;516;512;4;4;0;11;1505;211;93;42;12;13;8;4;7;5;6;1;5;2;9;4;316;121;63;27;8;23;4;15;5;8;24;1;10;7;0;132;36;13;11;12;8;11;9;2;3;9;2;3;5;8;228;120;24;13;10;6;4;1;14;10;4;6;5;10;1;215;37;32;12;4;24;16;4;19;17;8;21;4;4;13;126;71;55;;;84;32;17;5;4;1;1;8;0;0;2;2;0;4;8;33;33;;25;10;4;1;5;2;0;2;1;36;21;5;0;10;;;;;26;22;3;1;;;51;51;;22;22;
54;Potsdam, Stadt;5402;1205400000008402;STIMMBEZIRK;Fahrland 02;8402;;;N;1215;922;293;0;576;573;3;3;0;19;1656;292;100;31;79;6;10;12;4;7;10;3;11;2;4;13;146;26;19;11;17;2;15;23;3;7;1;7;7;7;1;146;94;8;9;2;9;15;1;1;3;3;1;;;;305;84;17;19;5;47;24;23;13;9;27;12;15;4;6;58;20;4;7;3;5;3;4;1;3;2;1;0;3;2;453;212;241;;;86;21;15;5;4;3;1;16;2;4;5;4;2;0;4;27;27;;68;36;17;6;2;7;;;;45;18;11;3;13;;;;;30;6;4;11;9;;;;;;;
54;Potsdam, Stadt;5401;1205400000002104;STIMMBEZIRK;Nauener Vorstadt 04;2104;;;N;1267;986;281;0;721;719;2;2;0;12;2110;307;127;52;40;9;18;3;18;2;2;1;10;6;5;14;397;109;56;45;25;32;9;15;3;9;42;3;27;19;3;129;28;8;10;11;13;12;9;8;3;11;4;1;9;2;469;239;47;12;24;17;15;4;13;28;15;8;8;37;2;170;25;11;12;4;33;19;3;17;12;6;3;1;8;16;180;102;78;;;214;97;35;12;12;5;1;17;3;5;6;4;8;7;2;40;40;;48;27;12;3;0;1;0;2;3;26;15;6;2;3;;;;;58;48;5;5;;;58;58;;14;14;
54;Potsdam, Stadt;5402;1205400000008403;STIMMBEZIRK;Fahrland 03;8403;;;N;876;677;199;0;411;411;0;0;0;5;1215;205;70;9;53;18;4;3;4;3;10;4;10;2;8;7;110;32;8;10;12;0;1;24;2;5;0;7;5;3;1;97;66;3;2;4;4;8;1;4;3;1;1;;;;250;83;16;13;2;35;24;12;8;10;9;19;12;1;6;60;14;6;6;2;7;5;4;1;4;5;0;1;2;3;288;122;166;;;71;21;19;6;0;6;1;6;0;1;2;1;2;0;6;36;36;;58;30;13;4;3;8;;;;26;12;8;4;2;;;;;14;5;4;2;3;;;;;;;
54;Potsdam, Stadt;5401;1205400000002302;STIMMBEZIRK;Berliner Vorstadt 02;2302;;;N;1078;734;344;0;566;561;5;5;0;7;1673;298;125;59;13;21;13;12;7;6;6;2;2;8;4;20;281;96;48;25;10;18;6;21;5;11;8;4;21;6;2;111;13;10;16;5;10;13;10;11;2;7;4;3;6;1;302;157;26;8;20;12;6;7;17;19;4;8;1;13;4;161;44;14;7;5;16;45;1;5;12;0;5;2;1;4;170;106;64;;;180;88;22;7;23;16;2;8;3;1;0;0;7;0;3;21;21;;26;14;3;1;3;0;3;1;1;42;20;8;12;2;;;;;9;7;1;1;;;48;48;;24;24;
54;Potsdam, Stadt;5402;1205400000008501;STIMMBEZIRK;Neu Fahrland 01;8501;;;N;1377;1024;353;0;746;739;7;7;0;13;2189;356;131;45;79;17;6;6;6;10;15;10;22;5;0;4;285;73;53;32;23;9;27;19;2;7;10;14;5;8;3;103;44;9;2;12;6;4;10;1;8;6;1;;;;412;118;36;35;16;62;28;23;11;17;16;10;24;2;14;107;27;10;16;10;5;2;7;0;6;8;3;4;4;5;393;284;109;;;100;39;23;10;2;1;4;7;5;1;0;1;2;0;5;73;73;;229;158;30;16;19;6;;;;100;72;10;7;11;;;;;31;18;10;3;0;;;;;;;
54;Potsdam, Stadt;5401;1205400000004105;STIMMBEZIRK;Historische Innenstadt 05;4105;;;N;1248;928;320;0;641;640;1;1;0;14;1856;295;128;49;14;15;7;9;20;13;6;0;5;0;7;22;368;98;46;37;23;26;9;16;15;16;27;1;29;17;8;193;56;16;14;11;11;15;11;10;12;11;7;6;10;3;192;96;15;15;10;10;3;4;5;9;3;5;2;15;0;233;41;22;23;4;29;22;10;24;19;7;8;13;2;9;239;155;84;;;80;36;12;2;9;1;0;3;2;2;2;1;6;2;2;56;56;;31;10;8;5;5;0;0;0;3;57;38;7;7;5;;;;;18;14;2;2;;;69;69;;25;25;
54;Potsdam, Stadt;5402;1205400000009014;BRIEFWAHLBEZIRK;Potsdam Briefwahlbezirk 9014;9014;;;N;0;0;0;0;522;0;522;0;0;0;1556;347;153;39;54;21;3;14;9;7;11;12;13;3;1;7;283;75;49;35;27;4;18;15;2;8;3;10;23;11;3;152;44;24;6;23;9;18;11;1;10;5;1;;;;287;75;13;19;33;56;22;6;5;11;19;12;5;3;8;131;47;10;8;16;1;3;10;1;14;8;2;1;4;6;97;72;25;;;93;20;22;5;6;1;2;7;1;15;0;3;3;0;8;44;44;;42;22;7;4;7;2;;;;22;11;2;0;9;;;;;58;13;15;8;22;;;;;;;
54;Potsdam, Stadt;5401;1205400000004401;STIMMBEZIRK;Hauptbahnhof und Brauhausberg Nord 01;4401;;;N;923;662;261;0;308;308;0;0;0;5;901;178;50;39;7;5;10;6;12;1;21;6;7;4;4;6;131;21;18;11;15;13;6;5;5;1;4;1;22;9;0;108;35;16;10;3;4;12;7;6;1;4;2;4;2;2;118;38;5;3;10;12;8;5;2;9;3;6;9;6;2;80;22;6;6;5;11;4;1;1;9;2;2;5;1;5;145;82;63;;;28;7;5;0;4;0;0;1;1;2;3;1;1;0;3;18;18;;20;6;5;3;1;1;1;0;3;28;16;1;7;4;;;;;15;12;1;2;;;25;25;;7;7;
54;Potsdam, Stadt;5402;1205400000009016;BRIEFWAHLBEZIRK;Potsdam Briefwahlbezirk 9016;9016;;;N;0;0;0;0;602;0;602;0;0;1;1770;426;187;51;63;27;7;11;15;15;4;6;25;1;2;12;310;81;59;43;34;1;13;17;0;13;3;16;17;10;3;124;49;17;2;13;18;8;8;4;3;2;0;;;;357;61;24;33;73;40;26;18;11;4;25;11;22;2;7;145;38;13;8;20;4;6;7;2;16;14;3;1;4;9;140;110;30;;;111;33;14;2;6;4;3;22;4;2;0;1;13;0;7;34;34;;52;25;14;1;5;7;;;;40;18;8;6;8;;;;;31;15;9;2;5;;;;;;;
54;Potsdam, Stadt;5401;1205400000004403;STIMMBEZIRK;Hauptbahnhof und Brauhausberg Nord 03;4403;;;N;1127;784;343;0;544;538;6;6;0;9;1603;221;88;34;11;14;10;10;11;2;4;0;12;3;5;17;256;72;41;35;13;21;11;9;4;6;17;7;15;3;2;114;25;10;14;10;9;7;5;4;1;6;9;7;7;0;173;67;18;7;15;10;5;1;3;10;5;8;6;16;2;429;62;38;29;8;60;27;9;29;71;17;6;34;20;19;123;67;56;;;33;12;3;1;6;2;3;4;0;0;2;0;0;0;0;54;54;;42;12;11;5;4;1;2;4;3;48;27;5;11;5;;;;;21;16;3;2;;;67;67;;22;22;
54;Potsdam, Stadt;5402;1205400000009017;BRIEFWAHLBEZIRK;Potsdam Briefwahlbezirk 9017;9017;;;N;0;0;0;0;591;0;591;0;0;3;1678;429;187;56;49;31;3;15;9;14;9;9;34;2;1;10;323;62;65;42;37;5;12;18;10;10;1;20;17;22;2;184;56;28;8;19;21;13;24;2;7;5;1;;;;238;65;21;10;24;43;20;9;6;5;19;2;8;3;3;216;52;15;18;33;7;10;10;3;17;26;2;2;14;7;96;77;19;;;68;26;7;7;0;1;3;7;2;4;0;0;6;0;5;13;13;;62;39;6;6;4;7;;;;25;3;9;3;10;;;;;24;3;9;8;4;;;;;;;
54;Potsdam, Stadt;5401;1205400000008601;STIMMBEZIRK;Groß Glienicke 01;8601;;;N;794;622;172;0;380;378;2;2;0;11;1098;167;69;31;10;6;2;2;6;5;1;22;6;0;5;2;149;58;14;16;5;8;14;8;2;4;8;2;6;3;1;41;13;5;4;2;1;1;2;4;3;3;0;1;0;2;264;82;22;28;31;45;5;0;7;14;7;4;2;17;0;39;8;3;0;0;5;4;0;0;8;1;3;1;5;1;178;104;74;;;105;29;12;10;12;8;0;8;1;1;4;14;4;1;1;19;19;;83;45;14;1;7;7;1;2;6;21;10;2;4;5;;;;;8;8;0;0;;;19;19;;5;5;
54;Potsdam, Stadt;5402;1205400000009019;BRIEFWAHLBEZIRK;Potsdam Briefwahlbezirk 9019;9019;;;N;0;0;0;0;696;0;696;0;0;3;2070;449;170;61;47;42;8;25;7;9;10;4;35;10;5;16;520;164;69;70;42;26;24;34;3;13;2;28;21;16;8;110;41;16;9;9;17;10;2;1;3;2;0;;;;372;96;17;19;19;46;45;18;20;18;31;7;20;6;10;234;50;22;26;27;4;5;27;1;23;21;0;4;13;11;106;93;13;;;128;31;29;8;8;2;2;15;2;8;0;1;7;4;11;25;25;;54;32;11;2;8;1;;;;54;17;16;7;14;;;;;18;4;0;7;7;;;;;;;
54;Potsdam, Stadt;5401;1205400000008603;STIMMBEZIRK;Groß Glienicke 03;8603;;;N;882;666;216;0;458;452;6;6;0;10;1328;267;83;54;13;6;6;9;10;2;8;41;9;1;3;22;168;55;21;15;5;9;6;4;5;3;14;1;16;9;5;79;37;3;4;2;5;4;5;5;1;1;1;2;5;4;340;87;12;76;29;76;2;8;13;7;6;4;2;16;2;28;11;4;1;0;2;2;1;2;3;0;1;0;0;1;178;112;66;;;98;42;17;1;12;2;3;6;2;1;1;3;3;2;3;24;24;;78;40;9;8;5;3;5;3;5;17;11;4;1;1;;;;;13;10;1;2;;;28;28;;10;10;
54;Potsdam, Stadt;5402;1205400000009022;BRIEFWAHLBEZIRK;Potsdam Briefwahlbezirk 9022;9022;;;N;0;0;0;0;432;0;432;0;0;2;1290;247;121;14;40;7;8;13;1;11;5;3;15;3;3;3;108;23;13;8;8;0;5;25;2;1;0;2;13;7;1;148;84;8;3;10;5;21;7;2;2;2;4;;;;214;42;20;11;6;39;15;17;11;6;20;8;5;9;5;107;16;13;7;19;6;6;6;0;9;5;2;0;13;5;233;102;131;;;74;26;16;3;0;1;1;4;3;5;0;3;7;0;5;31;31;;63;31;7;10;4;11;;;;35;8;11;6;10;;;;;30;7;6;8;9;;;;;;;
54;Potsdam, Stadt;5401;1205400000009001;BRIEFWAHLBEZIRK;Potsdam Briefwahlbezirk 9001;9001;;;N;0;0;0;0;635;0;635;0;0;4;1890;294;126;62;13;11;9;12;13;5;8;3;5;4;17;6;365;132;67;38;15;16;8;25;3;5;18;3;25;10;0;130;40;12;12;7;8;7;11;6;4;2;4;7;6;4;384;185;32;15;21;17;8;5;49;16;3;13;4;14;2;229;39;22;27;4;21;42;2;21;15;9;6;3;2;16;96;67;29;;;155;62;32;11;22;4;1;8;5;3;2;3;0;2;0;30;30;;46;19;6;7;5;1;0;6;2;65;35;7;6;17;;;;;29;25;4;0;;;54;54;;13;13;
54;Potsdam, Stadt;5402;1205400000009023;BRIEFWAHLBEZIRK;Potsdam Briefwahlbezirk 9023;9023;;;N;0;0;0;0;310;0;310;0;0;3;918;158;68;8;35;6;0;3;5;7;12;9;4;0;0;1;94;26;17;13;1;1;10;3;1;4;1;4;5;5;3;39;16;2;5;5;2;7;1;0;1;0;0;;;;198;45;21;18;3;39;21;14;5;11;9;2;2;3;5;55;20;3;3;11;0;1;0;2;4;3;0;0;8;0;89;67;22;;;40;10;2;3;0;0;0;6;2;8;0;3;3;0;3;25;25;;136;99;5;4;24;4;;;;67;30;22;1;14;;;;;17;4;6;3;4;;;;;;;
54;Potsdam, Stadt;5401;1205400000009005;BRIEFWAHLBEZIRK;Potsdam Briefwahlbezirk 9005;9005;;;N;0;0;0;0;580;0;580;0;0;9;1713;234;91;34;7;15;10;4;16;8;9;2;7;3;18;10;399;138;46;42;20;26;4;25;5;11;15;3;47;13;4;198;54;29;21;12;11;20;7;7;14;10;4;6;2;1;205;98;24;3;7;11;9;3;4;14;3;2;8;11;8;287;52;21;15;5;48;20;5;24;27;30;2;14;3;21;70;40;30;;;79;38;17;1;5;0;0;7;2;2;3;1;3;0;0;28;28;;43;11;8;4;4;2;2;2;10;65;21;9;9;26;;;;;14;14;0;0;;;66;66;;25;25;
54;Potsdam, Stadt;5403;1205400000001702;STIMMBEZIRK;Golm 02;1702;;;N;1085;839;246;0;556;556;0;0;0;7;1646;268;67;90;24;0;14;12;10;8;4;14;1;7;10;7;169;26;33;10;15;20;1;22;1;11;2;9;2;10;7;107;26;20;7;6;4;3;5;12;5;2;2;3;12;;379;175;19;10;28;11;47;3;6;61;1;6;6;6;;128;28;12;13;2;10;10;9;6;5;5;13;5;7;3;278;195;83;;;48;8;17;4;3;2;1;4;0;1;3;1;1;2;1;54;28;26;73;66;2;5;;;;;;66;30;22;6;4;4;;;;18;10;4;4;;;58;31;27;;;
54;Potsdam, Stadt;5401;1205400000009006;BRIEFWAHLBEZIRK;Potsdam Briefwahlbezirk 9006;9006;;;N;0;0;0;0;521;0;521;0;0;2;1554;254;88;51;5;28;8;12;12;1;10;9;10;2;12;6;319;96;42;34;15;13;10;11;3;12;25;4;37;15;2;152;49;13;7;8;13;22;8;5;6;6;4;3;5;3;196;89;30;7;11;12;14;5;2;9;3;0;2;10;2;217;41;20;19;3;32;19;6;22;14;7;3;15;4;12;117;77;40;;;82;36;15;3;9;0;0;3;2;7;3;1;1;2;0;49;49;;25;7;4;2;2;3;1;6;0;53;23;10;9;11;;;;;28;20;3;5;;;55;55;;7;7;
54;Potsdam, Stadt;5403;1205400000001703;STIMMBEZIRK;Golm 03;1703;;;N;825;621;204;0;444;439;5;5;0;7;1309;243;46;101;29;2;12;5;16;2;0;9;0;7;9;5;279;66;58;15;22;10;14;31;5;13;12;12;3;16;2;109;22;36;4;8;11;0;5;3;1;10;2;1;6;;219;101;16;8;31;5;6;24;3;11;2;3;4;5;;86;25;8;6;7;2;14;4;4;5;1;1;5;2;2;141;98;43;;;45;10;13;2;2;7;2;0;0;5;0;0;2;1;1;33;25;8;43;26;9;8;;;;;;56;27;11;3;6;9;;;;17;7;4;6;;;38;26;12;;;
54;Potsdam, Stadt;5401;1205400000009010;BRIEFWAHLBEZIRK;Potsdam Briefwahlbezirk 9010;9010;;;N;0;0;0;0;305;0;305;0;0;1;911;111;46;17;5;5;9;4;8;2;0;2;2;0;4;7;187;49;20;28;7;8;1;9;1;6;19;0;28;10;1;75;21;7;2;10;3;9;8;1;1;1;2;1;8;1;108;35;7;9;13;4;3;0;3;8;3;2;2;16;3;234;26;18;15;6;34;30;7;11;35;14;0;17;10;11;26;15;11;;;45;16;12;0;2;0;0;6;2;0;3;1;2;1;0;11;11;;2;2;0;0;0;0;0;0;0;47;24;15;1;7;;;;;3;2;0;1;;;57;57;;5;5;
54;Potsdam, Stadt;5403;1205400000003102;STIMMBEZIRK;Brandenburger Vorstadt 02;3102;;;N;978;702;276;0;505;495;10;10;0;14;1471;198;44;50;37;8;7;8;6;1;1;5;2;3;21;5;315;72;66;24;22;23;9;26;7;22;7;12;9;13;3;162;32;76;4;15;10;0;0;3;10;3;1;5;3;;196;102;23;9;7;11;7;5;8;3;3;4;3;11;;274;76;23;38;19;17;19;9;35;7;5;11;7;2;6;124;84;40;;;53;20;8;5;1;5;1;2;1;4;4;1;1;0;0;35;24;11;14;7;2;5;;;;;;28;11;7;6;2;2;;;;12;5;1;6;;;60;35;25;;;
54;Potsdam, Stadt;5402;1205400000001301;STIMMBEZIRK;Nedlitz  Bornstedt 01;1301;;;N;1227;889;338;0;642;638;4;4;0;7;1904;349;154;59;53;19;9;16;2;8;2;3;13;2;2;7;399;112;96;58;23;6;15;19;6;13;0;8;18;15;10;179;65;31;10;25;15;14;2;3;3;6;5;;;;314;81;43;21;10;34;25;11;7;17;27;10;16;3;9;160;34;20;19;17;1;6;12;3;7;12;5;3;9;12;194;137;57;;;111;36;20;16;4;1;1;12;0;7;0;0;7;0;7;60;60;;55;32;5;8;6;4;;;;41;26;7;2;6;;;;;42;10;22;8;2;;;;;;;
54;Potsdam, Stadt;5403;1205400000003103;STIMMBEZIRK;Brandenburger Vorstadt 03;3103;;;N;1223;858;365;0;648;642;6;6;0;8;1919;287;90;74;29;5;9;28;8;6;8;7;4;4;12;3;425;90;105;21;51;30;14;31;7;14;12;16;9;18;7;200;48;88;3;11;9;1;6;3;10;3;3;6;9;;193;94;23;2;13;16;6;2;9;2;2;7;4;13;;421;74;37;41;32;19;52;29;52;22;7;20;12;14;10;87;52;35;;;80;24;14;8;4;7;3;7;0;1;5;0;2;1;4;70;54;16;14;10;1;3;;;;;;50;27;12;6;4;1;;;;8;5;2;1;;;84;59;25;;;
54;Potsdam, Stadt;5402;1205400000001303;STIMMBEZIRK;Bornstedt 03;1303;;;N;1213;843;370;0;604;602;2;2;0;8;1781;339;162;40;36;14;1;11;6;38;2;1;15;4;1;8;286;104;43;28;17;4;14;9;2;14;4;11;10;14;12;112;35;19;8;14;7;9;2;1;9;7;1;;;;412;119;45;24;21;55;31;25;14;12;28;4;18;5;11;143;47;9;16;7;7;3;5;6;9;15;2;2;7;8;216;172;44;;;97;27;14;12;6;4;2;18;2;2;0;1;3;1;5;35;35;;68;35;19;5;7;2;;;;34;11;17;3;3;;;;;39;7;6;12;14;;;;;;;
54;Potsdam, Stadt;5403;1205400000003105;STIMMBEZIRK;Brandenburger Vorstadt 05;3105;;;N;678;473;205;0;376;376;0;0;0;6;1104;199;63;42;19;3;23;18;5;5;3;3;5;1;6;3;201;70;38;18;17;13;4;17;2;6;1;7;3;3;2;106;25;31;5;7;6;0;4;8;4;3;4;2;7;;125;62;20;6;9;6;2;1;2;6;1;2;2;6;;245;47;14;29;19;16;26;7;28;6;7;13;4;12;17;78;59;19;;;22;6;13;0;0;0;0;0;1;2;0;0;0;0;0;41;24;17;16;7;3;6;;;;;;35;22;3;0;5;5;;;;16;7;2;7;;;20;14;6;;;
54;Potsdam, Stadt;5402;1205400000001304;STIMMBEZIRK;Bornstedt 04;1304;;;N;1301;928;373;0;716;710;6;6;0;10;2101;474;230;74;62;45;9;9;2;9;3;10;11;1;1;8;311;103;70;41;22;3;11;10;8;16;2;7;8;7;3;123;47;17;6;7;10;12;6;4;12;0;2;;;;419;110;58;35;47;46;24;10;10;22;24;7;9;8;9;96;34;11;17;7;3;1;1;1;8;6;3;1;0;3;328;240;88;;;129;43;25;13;8;2;2;9;6;2;2;5;6;0;6;34;34;;59;39;12;6;1;1;;;;79;37;20;8;14;;;;;49;15;12;15;7;;;;;;;
54;Potsdam, Stadt;5403;1205400000003106;STIMMBEZIRK;Brandenburger Vorstadt 06;3106;;;N;1197;824;373;0;666;654;12;12;0;4;1981;325;100;86;26;9;15;18;12;1;15;13;2;7;16;5;516;150;125;63;33;24;15;37;4;18;7;11;12;13;4;221;51;85;7;16;8;6;3;8;9;8;1;6;13;;167;78;16;5;24;9;4;2;9;8;1;2;2;7;;381;78;24;43;49;25;27;19;51;13;3;19;10;8;12;116;77;39;;;54;17;13;15;0;1;1;0;0;5;0;0;2;0;0;51;32;19;24;13;4;7;;;;;;55;40;5;5;3;2;;;;26;17;4;5;;;45;32;13;;;
54;Potsdam, Stadt;5402;1205400000001305;STIMMBEZIRK;Bornstedt 05;1305;;;N;1299;977;322;0;613;607;6;6;0;15;1792;397;162;81;42;21;8;19;4;12;7;6;13;8;6;8;314;103;58;29;25;0;10;18;2;7;1;20;23;12;6;158;69;32;7;8;12;9;6;3;7;4;1;;;;298;82;28;20;20;41;16;7;12;12;15;16;17;7;5;150;45;14;20;16;2;4;15;6;10;4;3;1;9;1;155;113;42;;;90;27;19;10;11;0;2;4;4;3;0;3;4;0;3;47;47;;88;43;20;15;6;4;;;;72;25;24;5;18;;;;;23;4;7;9;3;;;;;;;
54;Potsdam, Stadt;5403;1205400000003107;STIMMBEZIRK;Brandenburger Vorstadt 07;3107;;;N;1566;1259;307;0;778;777;1;1;0;22;2254;634;153;270;53;16;35;31;16;4;14;4;2;8;18;10;184;43;36;14;6;11;7;18;2;16;2;17;5;6;1;207;39;75;9;11;11;6;7;21;14;0;1;6;7;;300;146;32;17;22;16;12;6;4;12;2;7;5;19;;220;45;11;25;30;18;17;14;13;8;2;11;5;13;8;357;239;118;;;66;16;9;3;21;8;1;1;0;2;2;0;0;0;3;70;54;16;44;26;9;9;;;;;;117;69;17;11;9;11;;;;19;7;7;5;;;36;21;15;;;
54;Potsdam, Stadt;5402;1205400000001307;STIMMBEZIRK;Bornstedt 07;1307;;;N;1215;885;330;0;571;569;2;2;0;12;1659;398;147;54;46;30;11;13;14;17;15;4;29;5;6;7;174;45;24;16;21;4;11;7;2;7;0;9;11;14;3;201;80;27;7;28;10;11;16;5;8;7;2;;;;263;79;16;26;21;23;23;17;7;14;9;8;7;2;11;188;51;26;21;22;5;8;4;1;12;19;5;1;7;6;186;135;51;;;64;18;10;6;4;1;2;3;5;1;1;2;6;2;3;37;37;;58;32;13;7;1;5;;;;58;29;16;5;8;;;;;32;14;8;7;3;;;;;;;
54;Potsdam, Stadt;5403;1205400000003108;STIMMBEZIRK;Brandenburger Vorstadt 08;3108;;;N;1134;818;316;0;640;636;4;4;0;10;1876;302;88;70;24;13;24;19;10;6;8;13;4;3;19;1;410;118;90;50;27;24;6;30;2;23;1;15;9;6;9;195;43;71;5;8;18;1;17;8;8;1;3;6;6;;129;52;18;11;9;12;7;0;3;4;0;2;3;8;;410;87;26;48;66;31;32;14;29;4;14;17;7;14;21;147;100;47;;;63;18;19;3;1;6;8;1;0;2;1;1;0;0;3;62;34;28;18;11;3;4;;;;;;67;34;12;5;10;6;;;;18;5;6;7;;;55;38;17;;;
54;Potsdam, Stadt;5402;1205400000001308;STIMMBEZIRK;Bornstedt 08;1308;;;N;1119;816;303;0;473;473;0;0;0;9;1387;323;152;45;38;22;5;18;3;4;3;7;12;5;3;6;218;70;44;23;15;2;8;7;13;5;0;9;5;13;4;78;32;7;8;9;4;4;9;0;2;2;1;;;;253;87;22;14;32;29;9;8;1;8;8;9;13;2;11;119;36;14;16;15;3;4;3;0;6;9;4;1;3;5;194;135;59;;;66;25;5;5;3;0;1;7;4;8;0;1;1;0;6;26;26;;32;18;5;3;2;4;;;;46;27;8;4;7;;;;;32;6;11;8;7;;;;;;;
54;Potsdam, Stadt;5403;1205400000006101;STIMMBEZIRK;Templiner Vorstadt 01;6101;;;N;1364;1026;338;0;672;669;3;3;0;13;1971;392;132;102;46;7;19;23;16;6;9;1;8;3;19;1;292;86;53;27;21;18;13;15;7;13;6;9;9;10;5;114;35;28;6;11;6;2;2;6;6;5;2;1;4;;354;176;35;23;21;17;11;4;6;9;13;9;7;23;;173;40;10;26;11;5;15;14;10;5;0;8;14;7;8;286;202;84;;;101;43;23;1;3;12;1;2;0;4;2;3;4;0;3;61;50;11;31;17;9;5;;;;;;54;32;6;6;7;3;;;;50;19;20;11;;;63;40;23;;;
54;Potsdam, Stadt;5402;1205400000001309;STIMMBEZIRK;Bornstedt 09;1309;;;N;1203;862;341;0;556;553;3;3;0;4;1656;211;93;25;26;7;8;15;5;6;2;2;11;6;4;1;319;101;40;46;21;4;13;22;2;18;4;14;14;16;4;173;61;23;17;27;16;11;1;2;6;4;5;;;;247;75;29;24;19;25;13;3;13;2;21;12;4;4;3;210;46;18;15;16;7;28;12;2;27;8;12;3;9;7;241;185;56;;;82;17;31;12;0;1;2;2;4;2;0;2;3;0;6;41;41;;57;26;15;2;6;8;;;;56;21;13;6;16;;;;;19;1;2;14;2;;;;;;;
54;Potsdam, Stadt;5403;1205400000009024;BRIEFWAHLBEZIRK;Potsdam Briefwahlbezirk 9024;9024;;;N;0;0;0;0;475;0;475;0;0;8;1393;265;57;63;47;5;36;13;8;5;3;7;6;2;13;0;211;47;38;6;23;20;7;16;10;7;4;13;5;12;3;91;16;22;1;10;19;0;3;2;7;4;0;3;4;;322;109;26;8;38;52;9;2;25;15;4;11;10;13;;86;26;4;16;6;1;10;5;6;3;1;1;4;2;1;91;67;24;;;47;14;15;1;2;3;2;1;0;2;1;0;1;2;3;32;20;12;24;15;3;6;;;;;;169;106;50;4;8;1;;;;18;9;5;4;;;37;28;9;;;
54;Potsdam, Stadt;5402;1205400000001310;STIMMBEZIRK;Bornstedt 10;1310;;;N;1208;890;318;0;544;541;3;3;0;14;1572;262;121;38;35;14;9;11;9;3;2;0;11;3;5;1;330;84;52;52;19;8;11;14;13;17;1;17;17;20;5;117;50;16;7;11;17;2;8;1;1;2;2;;;;305;109;54;28;9;32;10;8;3;3;24;16;5;3;1;111;26;13;9;11;2;13;8;4;5;5;2;1;9;3;199;142;57;;;106;27;23;14;5;0;3;5;5;4;0;3;8;0;9;23;23;;53;36;8;3;2;4;;;;35;17;6;1;11;;;;;31;7;15;5;4;;;;;;;
54;Potsdam, Stadt;5403;1205400000009033;BRIEFWAHLBEZIRK;Potsdam Briefwahlbezirk 9033;9033;;;N;0;0;0;0;568;0;568;0;0;3;1695;374;107;56;101;11;15;30;16;4;8;3;2;8;8;5;275;64;70;10;24;18;4;30;2;16;5;12;5;12;3;167;30;60;12;7;6;2;6;18;9;3;1;4;9;;211;87;27;10;29;19;8;1;4;10;1;4;1;10;;252;44;26;44;14;3;34;15;18;7;15;10;5;4;13;133;79;54;;;45;6;11;4;4;8;2;2;1;3;0;1;1;1;1;44;28;16;28;15;7;6;;;;;;91;59;11;8;10;3;;;;15;9;3;3;;;60;45;15;;;
54;Potsdam, Stadt;5402;1205400000002202;STIMMBEZIRK;Jägervorstadt 02;2202;;;N;1278;873;405;0;639;633;6;6;0;4;1900;312;119;41;51;22;5;12;6;14;1;6;21;7;5;2;406;124;60;44;49;10;17;19;6;8;1;17;18;31;2;147;58;26;10;9;9;9;5;5;9;4;3;;;;338;89;37;15;17;36;28;14;12;17;23;10;26;6;8;165;47;21;14;10;4;4;9;2;7;20;4;2;17;4;183;146;37;;;134;37;23;9;4;0;6;15;2;7;0;10;8;3;10;37;37;;74;49;11;7;2;5;;;;81;33;32;7;9;;;;;23;7;6;4;6;;;;;;;
;;5404;5404;WAHLKREIS;Wahlkreis 5404;;;;N;24980;18569;6411;0;18808;12850;5958;79;0;271;55358;11043;3840;2149;868;484;686;992;185;203;357;221;464;280;107;207;9653;3513;1121;499;646;564;570;474;478;629;222;229;361;237;110;4525;1267;1187;549;154;327;269;197;230;82;263;;;;;6713;2207;1886;658;251;359;544;111;144;553;;;;;;7843;1815;2219;557;605;439;563;219;156;304;80;197;168;316;205;5374;2309;1350;1715;;2641;842;431;157;99;44;113;67;93;28;39;58;70;47;553;1289;1289;;1189;453;599;137;;;;;;2008;1119;292;235;186;176;;;;909;559;135;124;28;63;2171;2171;;;;
54;Potsdam, Stadt;5402;1205400000008401;STIMMBEZIRK;Fahrland 01;8401;;;N;871;673;198;0;441;439;2;2;0;5;1292;261;131;17;48;10;5;5;4;11;7;5;11;5;0;2;103;31;15;11;16;1;3;8;0;1;1;4;6;6;0;91;59;6;2;3;4;11;2;1;0;1;2;;;;274;76;23;29;7;35;6;12;7;14;26;19;13;4;3;51;14;5;5;7;2;0;4;3;1;1;1;1;5;2;302;146;156;;;49;19;8;3;3;1;1;1;4;2;2;1;2;1;1;37;37;;54;30;16;6;1;1;;;;47;22;11;3;11;;;;;23;6;1;1;15;;;;;;;
54;Potsdam, Stadt;5404;1205400000004301;STIMMBEZIRK;Zentrum Ost und Nuthepark 01;4301;;;N;1126;846;280;0;529;528;1;1;0;10;1543;287;115;29;23;23;24;19;3;6;4;8;9;19;3;2;187;42;20;13;20;24;9;12;7;14;0;2;11;6;7;144;44;32;19;1;11;16;15;3;0;3;;;;;141;40;16;14;5;15;18;11;7;15;;;;;;162;45;25;14;11;3;9;5;6;9;3;10;8;9;5;292;131;75;86;;43;10;4;3;1;1;6;3;1;0;1;2;1;1;9;52;52;;44;26;12;6;;;;;;70;48;7;11;1;3;;;;20;11;2;6;0;1;101;101;;;;
54;Potsdam, Stadt;5402;1205400000009015;BRIEFWAHLBEZIRK;Potsdam Briefwahlbezirk 9015;9015;;;N;0;0;0;0;679;0;679;0;0;3;2005;511;233;75;55;23;7;21;11;31;7;14;23;4;0;7;362;126;70;35;19;3;12;21;4;11;4;8;27;18;4;117;44;7;6;17;10;10;14;1;3;2;3;;;;447;123;31;22;44;64;42;15;11;12;20;8;30;5;20;179;49;16;11;19;5;5;11;0;7;31;4;0;11;10;124;93;31;;;97;34;16;3;10;2;2;7;7;4;0;1;7;0;4;13;13;;63;40;8;3;6;6;;;;46;26;6;3;11;;;;;46;17;13;5;11;;;;;;;
54;Potsdam, Stadt;5404;1205400000004304;STIMMBEZIRK;Zentrum Ost und Nuthepark 04;4304;;;N;1297;1070;227;0;629;628;1;1;0;18;1792;484;163;52;39;21;26;76;14;5;16;15;17;21;4;15;140;29;22;12;14;12;13;10;7;6;8;0;3;3;1;199;52;37;36;7;8;13;11;19;5;11;;;;;220;55;30;42;12;20;26;9;5;21;;;;;;154;56;33;10;6;8;5;9;10;2;1;3;2;4;5;314;130;83;101;;47;14;7;5;1;2;3;2;2;2;2;3;0;2;2;41;41;;38;18;15;5;;;;;;82;53;11;8;7;3;;;;30;19;3;4;1;3;43;43;;;;
54;Potsdam, Stadt;5402;1205400000009018;BRIEFWAHLBEZIRK;Potsdam Briefwahlbezirk 9018;9018;;;N;0;0;0;0;601;0;601;0;0;6;1774;395;145;52;61;23;6;16;15;19;8;16;18;6;2;8;385;131;56;63;25;6;6;8;2;15;2;19;25;25;2;154;53;26;13;17;10;10;6;3;8;5;3;;;;324;78;27;23;23;59;26;21;6;6;27;10;9;4;5;194;39;25;13;20;8;12;6;11;24;13;11;1;7;4;97;81;16;;;85;25;18;10;7;0;3;2;1;1;1;8;7;1;1;30;30;;51;24;9;2;7;9;;;;26;12;5;1;8;;;;;33;12;8;7;6;;;;;;;
54;Potsdam, Stadt;5404;1205400000005204;STIMMBEZIRK;Babelsberg Nord 04;5204;;;N;1193;863;330;0;672;663;9;9;0;7;1988;439;176;115;36;6;9;23;6;8;7;6;29;9;1;8;373;171;32;16;21;25;22;22;16;11;3;7;13;8;6;144;50;39;11;4;12;6;4;1;1;16;;;;;197;81;36;26;4;10;10;2;9;19;;;;;;315;65;92;23;26;26;19;11;3;11;2;6;4;18;9;169;76;40;53;;101;24;9;12;7;0;4;1;4;0;15;1;5;3;16;26;26;;60;16;36;8;;;;;;74;39;21;3;10;1;;;;22;7;11;0;2;2;68;68;;;;
54;Potsdam, Stadt;5402;1205400000009020;BRIEFWAHLBEZIRK;Potsdam Briefwahlbezirk 9020;9020;;;N;0;0;0;0;295;0;295;0;0;3;872;307;93;28;95;6;2;2;2;7;58;1;11;1;1;0;53;17;6;3;9;0;2;4;1;2;0;2;7;0;0;64;20;14;1;11;4;5;5;1;2;1;0;;;;123;27;5;7;4;18;12;16;4;2;10;9;5;1;3;84;2;5;2;6;43;4;3;0;3;12;0;0;2;2;121;66;55;;;15;3;3;4;0;0;0;3;1;0;0;0;1;0;0;13;13;;38;22;1;4;4;7;;;;46;24;7;4;11;;;;;8;2;1;1;4;;;;;;;
54;Potsdam, Stadt;5404;1205400000005303;STIMMBEZIRK;Babelsberg Süd 03;5303;;;N;1198;910;288;0;664;660;4;4;0;14;1933;463;155;112;18;23;24;49;6;7;13;16;19;8;10;3;220;71;18;20;16;15;6;16;8;14;9;7;11;4;5;176;46;54;27;2;9;11;11;2;6;8;;;;;204;83;29;26;15;9;14;3;5;20;;;;;;284;56;95;14;23;12;26;17;7;13;5;4;2;7;3;215;100;54;61;;75;17;6;3;1;3;2;6;6;1;2;2;5;3;18;60;60;;30;12;17;1;;;;;;92;59;16;9;7;1;;;;39;8;9;13;2;7;75;75;;;;
;;5403;5403;WAHLKREIS;Wahlkreis 5403;;;;N;23747;17506;6241;0;17730;11952;5778;80;0;252;52216;10271;2818;2933;1338;185;718;509;324;199;166;231;120;189;406;135;8657;2174;1682;618;764;705;240;761;164;416;139;317;229;328;120;5154;1047;1797;253;311;343;61;193;274;282;116;74;142;261;;7236;3253;736;272;778;535;334;105;210;338;82;171;132;290;;6572;1346;481;800;542;347;659;360;559;200;222;354;194;255;253;5287;3628;1659;;;1643;457;382;112;94;153;51;57;15;81;43;24;43;53;78;1438;1020;418;1068;689;149;230;;;;;;2666;1573;575;165;200;153;;;;528;268;122;138;;;1696;1103;593;;;
54;Potsdam, Stadt;5404;1205400000005304;STIMMBEZIRK;Babelsberg Süd 04;5304;;;N;1392;1009;383;0;669;666;3;3;0;10;1964;434;175;80;30;13;20;42;2;6;21;4;22;4;2;13;324;114;33;12;14;13;18;20;42;24;4;4;16;5;5;163;53;35;15;3;15;15;10;8;0;9;;;;;241;105;47;23;8;17;19;4;2;16;;;;;;202;60;47;13;17;14;20;1;4;6;2;8;1;5;4;239;99;58;82;;57;22;9;7;1;0;5;1;3;1;0;2;1;0;5;46;46;;61;19;32;10;;;;;;87;42;13;10;9;13;;;;27;22;1;3;1;0;83;83;;;;
54;Potsdam, Stadt;5403;1205400000001501;STIMMBEZIRK;Eiche 01;1501;;;N;1118;788;330;0;594;591;3;3;0;10;1739;377;97;110;39;5;62;3;11;5;5;8;8;5;17;2;247;46;57;18;24;17;14;22;15;5;1;5;3;15;5;117;22;32;7;7;16;0;7;7;8;2;2;4;3;;352;149;43;12;21;26;19;14;11;17;2;11;20;7;;114;28;10;18;2;3;16;5;6;3;1;7;6;8;1;232;141;91;;;53;17;8;2;4;2;1;6;1;2;0;4;1;2;3;17;12;5;45;31;5;9;;;;;;115;72;31;1;6;5;;;;16;10;1;5;;;54;41;13;;;
54;Potsdam, Stadt;5404;1205400000005305;STIMMBEZIRK;Babelsberg Süd 05;5305;;;N;1519;1133;386;0;734;728;6;6;0;18;2132;440;174;96;29;16;25;34;5;9;11;8;10;11;6;6;242;81;36;10;14;12;15;16;5;17;9;2;13;9;3;162;49;52;18;3;9;10;3;10;0;8;;;;;278;107;44;35;12;18;20;7;6;29;;;;;;221;60;53;25;18;11;9;9;4;7;1;2;3;5;14;342;151;85;106;;95;22;19;10;2;2;4;0;11;1;0;5;5;4;10;51;51;;42;20;16;6;;;;;;124;74;15;9;15;11;;;;48;29;8;4;4;3;87;87;;;;
54;Potsdam, Stadt;5403;1205400000001503;STIMMBEZIRK;Eiche 03;1503;;;N;1136;833;303;0;614;612;2;2;0;7;1801;350;67;95;43;3;50;11;9;34;8;7;5;5;11;2;251;74;40;20;21;15;6;22;3;10;4;8;18;5;5;125;23;35;6;12;12;1;8;8;5;1;4;2;8;;334;140;25;10;44;34;17;6;13;9;3;14;7;12;;99;18;5;11;6;3;9;5;6;4;7;10;8;6;1;253;167;86;;;64;24;17;1;4;6;1;1;2;3;0;0;2;1;2;26;20;6;44;27;8;9;;;;;;192;88;85;7;4;8;;;;9;5;2;2;;;54;35;19;;;
54;Potsdam, Stadt;5404;1205400000005306;STIMMBEZIRK;Babelsberg Süd 06;5306;;;N;1207;859;348;0;599;590;9;9;0;10;1763;379;175;54;22;20;14;20;11;8;3;17;22;4;3;6;439;191;53;18;35;22;14;24;18;18;6;13;22;5;0;153;35;55;27;2;13;2;6;7;2;4;;;;;196;83;36;28;5;13;15;2;2;12;;;;;;158;54;33;16;16;12;9;0;1;9;0;1;3;2;2;95;44;16;35;;82;17;14;6;6;1;4;1;1;0;0;3;0;9;20;36;36;;27;11;15;1;;;;;;58;32;8;5;4;9;;;;36;26;7;1;1;1;104;104;;;;
54;Potsdam, Stadt;5403;1205400000003101;STIMMBEZIRK;Brandenburger Vorstadt 01;3101;;;N;1213;882;331;0;510;510;0;0;0;8;1491;290;66;103;37;5;15;19;7;1;6;3;4;11;6;7;172;38;32;15;16;11;7;19;3;7;4;5;1;12;2;190;47;45;11;8;15;3;12;8;13;7;3;4;14;;265;108;32;16;26;23;8;1;5;13;3;4;12;14;;135;26;11;20;11;7;11;11;7;6;0;6;9;6;4;159;105;54;;;48;7;12;1;3;6;2;2;0;2;3;2;2;2;4;47;31;16;25;17;3;5;;;;;;97;61;6;9;11;10;;;;12;7;2;3;;;51;35;16;;;
54;Potsdam, Stadt;5404;1205400000009035;BRIEFWAHLBEZIRK;Potsdam Briefwahlbezirk 9035;9035;;;N;0;0;0;0;409;0;409;0;0;5;1194;277;79;23;27;13;33;43;9;4;11;2;8;8;6;11;150;37;15;1;12;11;9;11;3;26;1;3;11;9;1;127;13;32;18;10;12;12;4;15;1;10;;;;;123;32;21;9;7;10;20;1;1;22;;;;;;155;36;29;14;6;15;7;5;5;13;0;10;2;11;2;83;32;30;21;;61;12;4;2;2;1;3;4;0;4;1;1;1;0;26;53;53;;29;17;8;4;;;;;;45;23;5;7;6;4;;;;12;8;4;0;0;0;79;79;;;;
54;Potsdam, Stadt;5403;1205400000003104;STIMMBEZIRK;Brandenburger Vorstadt 04;3104;;;N;1295;1045;250;0;654;654;0;0;0;25;1849;530;126;232;56;10;26;16;10;6;7;12;5;8;11;5;125;35;27;5;11;14;3;5;5;11;1;2;0;1;5;226;34;71;23;9;13;2;12;23;9;4;9;8;9;;264;131;23;10;32;28;7;4;2;4;1;9;4;9;;125;21;9;17;5;14;10;10;4;5;15;12;0;2;1;248;178;70;;;55;12;11;6;5;5;2;3;0;3;3;0;0;0;5;56;43;13;45;24;9;12;;;;;;92;60;5;10;8;9;;;;23;11;5;7;;;60;41;19;;;
54;Potsdam, Stadt;5404;1205400000009037;BRIEFWAHLBEZIRK;Potsdam Briefwahlbezirk 9037;9037;;;N;0;0;0;0;651;0;651;0;0;2;1947;396;131;102;32;10;27;43;3;3;13;3;19;3;2;5;409;196;60;16;14;21;14;16;9;19;14;10;10;7;3;87;19;14;18;1;10;3;7;4;2;9;;;;;390;90;193;45;10;6;25;6;3;12;;;;;;177;36;52;10;17;11;18;4;1;5;0;6;0;7;10;134;53;33;48;;141;60;26;9;2;7;3;3;2;1;0;1;4;6;17;28;28;;58;10;47;1;;;;;;58;35;8;7;3;5;;;;30;21;2;7;0;0;39;39;;;;
54;Potsdam, Stadt;5403;1205400000003202;STIMMBEZIRK;Potsdam West 02;3202;;;N;1152;896;256;0;559;556;3;3;0;9;1635;329;123;86;37;6;15;18;11;4;2;4;3;8;7;5;128;28;29;8;13;3;4;19;6;5;3;4;2;3;1;186;32;73;13;8;8;1;3;22;12;1;1;2;10;;175;73;16;8;21;18;7;3;3;10;4;7;0;5;;187;35;9;20;10;9;20;21;4;3;22;8;8;5;13;301;194;107;;;50;14;8;1;4;3;4;1;1;6;2;0;1;3;2;50;31;19;38;17;5;16;;;;;;117;82;14;8;13;0;;;;19;11;2;6;;;55;35;20;;;
54;Potsdam, Stadt;5404;1205400000009038;BRIEFWAHLBEZIRK;Potsdam Briefwahlbezirk 9038;9038;;;N;0;0;0;0;706;0;706;0;0;2;2112;404;125;92;39;14;26;29;9;3;12;13;24;6;1;11;467;176;59;26;28;18;26;22;25;30;12;15;14;6;10;119;35;36;11;6;8;5;1;4;2;11;;;;;340;130;126;19;6;4;28;3;2;22;;;;;;296;66;100;21;12;18;21;5;7;15;2;8;2;10;9;102;43;27;32;;145;36;44;1;2;0;5;4;2;2;5;1;0;1;42;27;27;;72;15;49;8;;;;;;55;16;14;7;3;15;;;;36;27;3;3;1;2;49;49;;;;
54;Potsdam, Stadt;5403;1205400000003204;STIMMBEZIRK;Potsdam West 04;3204;;;N;1319;1031;288;0;671;669;2;2;0;14;1966;397;146;120;32;10;20;18;6;10;2;4;1;8;10;10;235;53;42;13;12;19;18;19;4;13;3;13;7;17;2;248;68;78;13;9;10;2;10;9;18;2;6;7;16;;218;110;21;9;16;13;7;4;3;5;8;6;5;11;;221;38;9;14;14;15;20;17;24;10;19;13;5;13;10;337;255;82;;;38;11;16;1;0;2;2;1;0;1;0;1;0;1;2;72;54;18;33;15;5;13;;;;;;94;68;9;8;5;4;;;;6;5;1;0;;;67;46;21;;;
54;Potsdam, Stadt;5404;1205400000009039;BRIEFWAHLBEZIRK;Potsdam Briefwahlbezirk 9039;9039;;;N;0;0;0;0;619;0;619;0;0;3;1845;370;87;104;28;25;22;31;7;5;11;6;29;11;2;2;418;136;37;26;26;23;23;25;34;43;9;12;11;8;5;136;30;40;20;4;9;4;2;7;13;7;;;;;216;49;69;23;10;15;20;2;7;21;;;;;;331;69;111;20;17;23;25;13;4;20;2;7;2;5;13;82;32;19;31;;80;29;9;7;6;1;1;2;1;0;2;0;2;1;19;26;26;;33;10;17;6;;;;;;51;27;7;3;2;12;;;;45;26;6;12;0;1;57;57;;;;
54;Potsdam, Stadt;5403;1205400000009029;BRIEFWAHLBEZIRK;Potsdam Briefwahlbezirk 9029;9029;;;N;0;0;0;0;524;0;524;0;0;4;1558;271;90;61;34;1;2;23;8;9;12;6;2;8;11;4;432;104;72;45;26;43;13;29;2;25;5;14;23;20;11;172;41;60;9;7;18;4;6;4;7;2;2;4;8;;125;56;18;13;11;7;5;0;4;2;1;2;0;6;;266;49;23;31;15;16;30;18;25;3;13;24;2;6;11;42;28;14;;;48;18;16;1;2;2;1;0;0;3;0;1;1;3;0;51;30;21;15;9;5;1;;;;;;74;47;12;1;7;7;;;;11;3;4;4;;;51;36;15;;;
54;Potsdam, Stadt;5404;1205400000009040;BRIEFWAHLBEZIRK;Potsdam Briefwahlbezirk 9040;9040;;;N;0;0;0;0;552;0;552;0;0;16;1608;317;75;71;35;12;21;30;3;9;23;5;26;4;1;2;362;109;40;22;19;14;32;19;25;27;21;8;14;10;2;99;17;28;11;3;12;13;5;2;1;7;;;;;147;33;57;16;4;6;19;2;3;7;;;;;;328;63;95;18;24;23;20;6;8;30;10;6;4;14;7;98;42;24;32;;53;16;10;0;3;2;3;1;2;0;0;0;0;0;16;11;11;;32;6;19;7;;;;;;50;23;10;5;6;6;;;;43;36;1;3;0;3;68;68;;;;
54;Potsdam, Stadt;5404;1205400000004302;STIMMBEZIRK;Zentrum Ost und Nuthepark 02;4302;;;N;904;740;164;0;404;403;1;1;0;10;1172;215;81;29;19;16;18;19;11;1;4;2;4;7;1;3;140;44;12;6;12;11;9;12;6;14;3;1;4;6;0;141;49;25;28;4;6;7;7;6;2;7;;;;;111;43;13;16;2;11;9;3;5;9;;;;;;191;70;42;14;22;10;5;3;3;3;5;1;2;7;4;173;73;41;59;;33;12;2;3;0;0;1;2;0;0;0;0;1;0;12;38;38;;22;18;3;1;;;;;;50;27;7;11;3;2;;;;4;1;1;1;0;1;54;54;;;;
54;Potsdam, Stadt;5404;1205400000009041;BRIEFWAHLBEZIRK;Potsdam Briefwahlbezirk 9041;9041;;;N;0;0;0;0;498;0;498;0;0;1;1490;270;86;39;34;14;20;20;9;6;10;4;9;8;4;7;275;92;33;8;18;26;20;11;10;20;9;4;17;5;2;161;43;35;32;4;9;16;8;3;4;7;;;;;169;54;46;13;4;4;19;2;11;16;;;;;;278;78;71;24;20;22;22;4;5;9;1;7;3;5;7;70;36;15;19;;65;14;10;1;2;0;0;0;3;0;0;1;0;0;34;34;34;;36;21;12;3;;;;;;52;21;8;6;15;2;;;;33;23;4;3;2;1;47;47;;;;
54;Potsdam, Stadt;5404;1205400000005202;STIMMBEZIRK;Babelsberg Nord 02;5202;;;N;1216;799;417;0;618;617;1;1;0;16;1799;286;108;68;17;4;15;29;4;2;3;4;15;9;1;7;335;174;29;12;13;11;10;6;43;8;7;3;9;8;2;107;40;24;2;3;6;9;4;6;6;7;;;;;285;68;153;20;7;6;12;8;1;10;;;;;;148;30;47;7;21;4;16;3;2;3;0;6;4;2;3;222;108;54;60;;203;50;49;26;12;3;0;0;6;0;2;7;4;6;38;17;17;;68;14;50;4;;;;;;59;32;17;7;2;1;;;;18;16;0;2;0;0;51;51;;;;
54;Potsdam, Stadt;5404;1205400000009043;BRIEFWAHLBEZIRK;Potsdam Briefwahlbezirk 9043;9043;;;N;0;0;0;0;654;0;654;0;0;3;1952;360;144;44;38;15;27;34;10;5;10;6;9;8;5;5;403;115;58;20;30;26;35;25;15;31;9;10;23;6;0;181;44;47;21;4;19;15;8;10;1;12;;;;;295;99;75;24;10;13;32;1;17;24;;;;;;165;38;31;16;12;15;14;3;1;11;1;5;1;9;8;106;52;22;32;;132;44;18;6;2;4;9;6;9;2;2;1;7;1;21;35;35;;40;12;21;7;;;;;;91;61;6;6;9;9;;;;41;26;4;5;2;4;103;103;;;;
54;Potsdam, Stadt;5404;1205400000005205;STIMMBEZIRK;Babelsberg Nord 05;5205;;;N;1254;904;350;0;675;674;1;1;0;7;2000;386;138;110;24;16;18;22;4;5;9;10;16;7;2;5;342;114;35;23;26;23;20;17;14;20;10;12;12;12;4;150;39;52;8;6;9;6;12;8;1;9;;;;;203;63;45;18;6;15;23;5;6;22;;;;;;325;61;95;24;26;13;30;12;6;17;3;12;3;11;12;175;75;46;54;;96;31;17;2;9;1;1;0;8;3;0;4;4;1;15;61;61;;50;20;23;7;;;;;;92;57;13;8;9;5;;;;40;22;11;3;1;3;80;80;;;;
54;Potsdam, Stadt;5404;1205400000009044;BRIEFWAHLBEZIRK;Potsdam Briefwahlbezirk 9044;9044;;;N;0;0;0;0;709;0;709;0;0;11;2090;384;118;55;37;26;55;27;3;9;18;9;10;8;6;3;453;142;68;19;18;27;38;19;9;40;13;11;20;21;8;152;31;60;15;6;15;11;2;1;1;10;;;;;257;80;74;12;11;17;31;1;6;25;;;;;;410;59;99;29;29;25;40;15;4;19;9;6;36;26;14;142;64;28;50;;79;28;9;3;3;0;3;4;2;1;0;4;5;1;16;35;35;;35;21;12;2;;;;;;28;14;6;5;1;2;;;;15;9;2;2;1;1;100;100;;;;
54;Potsdam, Stadt;5404;1205400000005206;STIMMBEZIRK;Babelsberg Nord 06;5206;;;N;1127;805;322;0;595;587;8;8;0;7;1756;312;121;61;20;16;19;24;6;1;21;2;9;6;1;5;264;99;40;13;19;21;14;14;10;6;7;7;7;6;1;121;42;28;11;8;6;8;2;8;2;6;;;;;147;50;30;16;5;14;14;2;1;15;;;;;;416;76;171;31;20;20;26;17;3;11;8;8;4;14;7;182;79;51;52;;83;35;8;4;0;1;4;7;4;1;0;0;1;1;17;55;55;;32;10;18;4;;;;;;56;33;9;9;2;3;;;;24;16;4;2;0;2;64;64;;;;
;;5405;5405;WAHLKREIS;Wahlkreis 5405;;;;N;22826;18492;4334;0;13954;10000;3954;39;0;345;40422;8082;2195;1720;599;456;498;561;244;133;559;313;313;224;119;148;3903;946;394;595;308;258;169;123;198;347;59;193;115;67;131;4688;1429;931;330;186;366;107;335;195;232;91;123;363;;;5233;1621;1148;621;516;118;167;470;85;42;445;;;;;3558;844;326;223;143;583;126;98;177;108;183;246;108;50;343;8726;4067;1558;1159;1942;1051;200;210;151;82;59;21;53;31;43;51;28;14;57;51;1423;1423;;1316;517;569;230;;;;;;2050;796;226;355;378;295;;;;392;392;;;;;;;;;;
54;Potsdam, Stadt;5404;1205400000005207;STIMMBEZIRK;Babelsberg Nord 07;5207;;;N;1237;945;292;0;633;629;4;4;0;5;1875;357;129;59;38;21;19;28;7;7;6;6;21;8;1;7;291;104;28;16;28;17;24;14;16;14;8;9;6;7;0;143;49;37;14;5;6;13;5;3;5;6;;;;;206;67;53;14;12;21;17;3;4;15;;;;;;364;84;104;19;28;15;25;16;21;9;3;9;9;16;6;178;70;42;66;;114;38;24;7;3;2;11;2;5;2;0;3;2;0;15;54;54;;18;7;6;5;;;;;;39;30;1;4;3;1;;;;23;19;2;0;1;1;88;88;;;;
54;Potsdam, Stadt;5405;1205400000006203;STIMMBEZIRK;Teltower Vorstadt 03;6203;;;N;1187;884;303;0;656;652;4;4;0;13;1920;451;99;143;37;16;14;46;7;4;39;22;7;8;3;6;220;68;27;35;11;14;7;7;12;9;2;5;7;11;5;134;45;25;13;2;6;5;8;1;5;1;11;12;;;333;106;83;34;32;15;16;18;4;2;23;;;;;181;54;20;16;4;37;8;7;4;2;2;16;6;0;5;353;166;48;31;108;75;13;32;13;5;2;0;2;1;3;1;1;0;2;0;25;25;;46;13;27;6;;;;;;83;27;11;11;25;9;;;;19;19;;;;;;;;;;
54;Potsdam, Stadt;5404;1205400000005301;STIMMBEZIRK;Babelsberg Süd 01;5301;;;N;1156;902;254;0;655;650;5;5;0;13;1920;370;130;55;36;16;23;23;4;12;14;10;13;23;4;7;280;102;27;16;12;25;13;11;19;21;2;4;8;13;7;161;53;41;21;6;14;5;2;10;1;8;;;;;185;59;56;9;8;18;16;3;1;15;;;;;;316;84;87;17;37;21;27;7;5;3;1;4;9;12;2;243;107;70;66;;77;36;8;5;1;1;3;1;3;0;0;8;1;0;10;62;62;;31;11;13;7;;;;;;89;35;19;6;20;9;;;;29;13;4;10;0;2;77;77;;;;
54;Potsdam, Stadt;5405;1205400000006304;STIMMBEZIRK;Schlaatz 04;6304;;;N;768;661;107;0;264;264;0;0;0;8;755;173;37;27;13;10;23;16;8;6;6;10;9;3;2;3;68;26;1;7;6;7;4;2;3;2;2;4;0;1;3;104;35;13;11;6;6;2;7;2;10;0;3;9;;;81;26;12;6;8;0;1;18;0;0;10;;;;;66;13;12;6;2;10;4;2;3;4;3;2;0;0;5;159;85;27;20;27;21;9;3;1;0;2;1;0;0;0;2;1;1;0;1;28;28;;18;8;6;4;;;;;;31;13;4;8;6;0;;;;6;6;;;;;;;;;;
54;Potsdam, Stadt;5404;1205400000005302;STIMMBEZIRK;Babelsberg Süd 02;5302;;;N;1156;852;304;0;639;628;11;11;0;6;1894;382;141;74;22;13;27;18;7;10;16;7;15;10;8;14;339;112;24;15;25;20;28;21;20;25;4;13;14;10;8;203;57;66;18;8;19;13;5;5;4;8;;;;;214;56;92;14;11;12;14;0;1;14;;;;;;328;94;84;30;14;20;28;6;2;17;1;6;6;15;5;147;58;45;44;;48;27;3;2;1;0;1;1;0;0;0;1;0;0;12;60;60;;23;11;9;3;;;;;;54;36;3;9;1;5;;;;20;8;6;3;0;3;76;76;;;;
54;Potsdam, Stadt;5405;1205400000006305;STIMMBEZIRK;Schlaatz 05;6305;;;N;801;681;120;0;307;307;0;0;0;12;877;136;46;33;5;5;12;2;8;3;5;7;2;3;4;1;73;17;3;13;11;2;3;3;7;5;1;4;2;0;2;119;42;12;5;6;15;3;5;9;6;1;2;13;;;74;29;10;2;9;2;1;12;1;0;8;;;;;63;11;3;1;2;13;0;3;4;0;7;2;1;1;15;287;112;61;48;66;18;5;6;2;1;0;1;1;1;0;0;0;0;1;0;46;46;;24;15;7;2;;;;;;32;14;5;4;7;2;;;;5;5;;;;;;;;;;
54;Potsdam, Stadt;5404;1205400000005307;STIMMBEZIRK;Babelsberg Süd 07;5307;;;N;1066;838;228;0;557;556;1;1;0;10;1630;279;95;55;23;11;8;31;3;3;13;5;17;8;3;4;228;76;28;12;32;10;20;10;3;19;1;5;3;5;4;143;42;32;24;1;8;9;8;5;4;10;;;;;208;68;49;24;8;13;14;4;4;24;;;;;;225;55;69;14;12;8;21;2;3;3;3;6;13;7;9;271;83;85;103;;43;18;6;1;2;0;0;3;3;1;0;1;2;0;6;60;60;;33;20;8;5;;;;;;50;27;9;6;4;4;;;;27;17;2;3;1;4;63;63;;;;
54;Potsdam, Stadt;5405;1205400000006307;STIMMBEZIRK;Schlaatz 07;6307;;;N;774;667;107;0;293;292;1;1;0;15;813;114;35;10;6;14;17;4;2;2;5;2;4;8;3;2;58;18;5;9;3;4;3;1;1;5;1;5;1;0;2;134;42;20;12;6;18;3;7;5;5;4;1;11;;;49;15;12;4;4;1;2;1;0;1;9;;;;;70;8;6;4;5;7;6;1;3;2;6;1;1;2;18;242;119;47;33;43;23;7;2;2;2;2;0;5;0;0;1;1;0;0;1;53;53;;30;19;8;3;;;;;;32;14;2;8;8;0;;;;8;8;;;;;;;;;;
54;Potsdam, Stadt;5404;1205400000009042;BRIEFWAHLBEZIRK;Potsdam Briefwahlbezirk 9042;9042;;;N;0;0;0;0;608;0;608;0;0;8;1800;378;98;75;24;11;27;74;4;7;9;5;23;5;2;14;279;66;35;15;23;14;24;17;28;19;6;7;9;8;8;186;51;27;20;11;14;9;7;25;5;17;;;;;218;95;40;22;12;1;17;5;6;20;;;;;;244;48;72;31;18;8;17;6;7;4;1;11;2;15;4;112;47;22;43;;71;24;4;2;3;1;3;2;4;0;0;1;0;0;27;35;35;;41;13;20;8;;;;;;94;49;3;10;15;17;;;;53;33;3;9;2;6;89;89;;;;
54;Potsdam, Stadt;5405;1205400000006404;STIMMBEZIRK;Waldstadt I und Industriegelände 04;6404;;;N;930;762;168;0;440;438;2;2;0;17;1247;319;110;64;18;18;8;30;3;13;16;16;9;6;3;5;67;22;9;15;2;2;1;1;3;4;0;3;1;1;3;131;43;38;9;5;3;10;1;6;2;7;2;5;;;191;64;41;32;18;0;6;12;2;0;16;;;;;57;18;2;3;2;4;2;1;9;2;1;5;6;0;2;304;127;65;35;77;19;4;6;3;2;1;2;0;0;0;0;0;0;1;0;36;36;;58;27;26;5;;;;;;55;23;8;11;6;7;;;;10;10;;;;;;;;;;
54;Potsdam, Stadt;5405;1205400000006201;STIMMBEZIRK;Teltower Vorstadt 01;6201;;;N;1262;938;324;0;662;657;5;5;0;12;1939;382;106;59;36;38;17;22;8;4;34;7;16;14;5;16;314;75;26;42;16;31;12;18;14;41;4;12;10;3;10;218;75;19;10;20;26;6;23;13;8;3;2;13;;;219;53;34;22;33;5;4;35;5;1;27;;;;;273;57;32;14;17;49;6;5;13;8;10;28;2;3;29;302;160;53;34;55;65;10;12;5;11;5;1;1;1;1;4;2;3;8;1;63;63;;50;22;21;7;;;;;;35;14;2;7;7;5;;;;18;18;;;;;;;;;;
54;Potsdam, Stadt;5405;1205400000006405;STIMMBEZIRK;Waldstadt I und Industriegelände 05;6405;;;N;945;698;247;0;440;434;6;6;0;6;1286;240;84;48;26;8;8;12;14;2;15;7;8;5;2;1;197;49;17;35;13;23;9;5;6;19;1;8;4;6;2;107;37;15;12;5;10;3;10;2;4;0;0;9;;;242;107;35;24;19;2;5;30;1;1;18;;;;;59;14;10;3;3;15;0;1;4;0;0;4;0;1;4;208;96;45;32;35;51;14;7;15;4;0;1;0;1;1;1;5;0;0;2;52;52;;58;25;20;13;;;;;;29;7;3;5;5;9;;;;43;43;;;;;;;;;;
54;Potsdam, Stadt;5405;1205400000006202;STIMMBEZIRK;Teltower Vorstadt 02;6202;;;N;1405;1063;342;0;758;751;7;7;0;16;2209;446;124;91;32;17;21;71;12;9;23;11;8;15;10;2;272;67;45;37;18;15;11;10;18;21;2;10;5;4;9;204;64;37;4;7;18;4;22;5;12;9;9;13;;;310;93;79;32;32;4;6;26;4;2;32;;;;;302;64;29;24;16;44;10;4;11;14;20;22;9;2;33;393;178;67;67;81;59;10;11;5;4;3;3;7;0;2;2;0;0;8;4;67;67;;66;29;27;10;;;;;;78;29;12;14;19;4;;;;12;12;;;;;;;;;;
54;Potsdam, Stadt;5405;1205400000006501;STIMMBEZIRK;Waldstadt II 01;6501;;;N;1374;1033;341;0;582;580;2;2;0;27;1646;318;90;65;34;17;24;16;12;3;21;12;11;4;4;5;136;33;9;26;15;9;7;5;7;7;2;3;4;2;7;169;61;31;15;5;15;3;11;9;4;3;2;10;;;193;54;44;17;22;6;4;22;5;3;16;;;;;173;43;21;8;8;22;7;5;6;3;14;9;5;4;18;389;193;66;51;79;41;13;5;4;1;3;1;2;3;4;0;3;1;0;1;51;51;;57;28;23;6;;;;;;107;34;13;19;16;25;;;;12;12;;;;;;;;;;
54;Potsdam, Stadt;5405;1205400000006302;STIMMBEZIRK;Schlaatz 02;6302;;;N;778;693;85;0;304;303;1;1;0;18;853;160;27;35;16;11;26;7;5;0;15;4;9;2;0;3;26;9;2;5;2;2;0;2;0;2;1;0;1;0;0;95;26;19;11;1;9;5;5;1;4;5;0;9;;;80;20;9;13;7;4;6;4;5;3;9;;;;;56;14;6;2;3;7;1;0;3;1;5;3;2;4;5;312;162;62;45;43;19;7;2;1;1;1;0;0;2;1;0;0;1;2;1;42;42;;22;12;8;2;;;;;;37;23;3;5;6;0;;;;4;4;;;;;;;;;;
54;Potsdam, Stadt;5405;1205400000006502;STIMMBEZIRK;Waldstadt II 02;6502;;;N;1327;1128;199;0;588;588;0;0;0;21;1661;280;68;65;16;14;19;14;14;6;24;11;13;2;5;9;106;17;11;24;12;6;7;4;2;8;2;5;3;0;5;242;71;53;17;8;22;3;16;8;15;2;2;25;;;163;56;35;13;19;3;6;13;2;1;15;;;;;71;18;3;3;2;6;11;3;4;2;7;3;0;0;9;528;256;94;64;114;33;9;7;3;1;0;0;1;0;1;5;0;0;1;5;76;76;;49;15;24;10;;;;;;94;50;9;14;9;12;;;;19;19;;;;;;;;;;
54;Potsdam, Stadt;5405;1205400000006306;STIMMBEZIRK;Schlaatz 06;6306;;;N;935;836;99;0;321;321;0;0;0;9;909;150;50;19;9;6;12;9;12;1;5;3;8;4;5;7;82;17;8;17;5;8;3;4;1;9;1;4;2;1;2;111;53;14;3;3;7;0;9;5;5;2;1;9;;;76;30;16;7;9;1;1;4;4;0;4;;;;;58;4;9;3;1;19;3;1;3;1;5;5;1;0;3;304;135;66;52;51;26;3;6;2;1;0;0;2;1;1;0;1;0;6;3;29;29;;20;8;8;4;;;;;;49;16;8;10;11;4;;;;4;4;;;;;;;;;;
54;Potsdam, Stadt;5405;1205400000006505;STIMMBEZIRK;Waldstadt II 05;6505;;;N;1006;819;187;0;425;423;2;2;0;16;1212;164;39;36;15;14;10;10;5;0;10;7;6;6;1;5;75;28;4;14;4;0;3;4;0;8;2;4;0;3;1;130;28;30;10;9;10;5;7;6;7;3;5;10;;;126;42;21;21;9;4;8;8;0;0;13;;;;;105;26;10;11;2;22;1;0;7;1;5;3;8;2;7;372;170;69;50;83;39;9;6;2;3;2;2;0;2;3;5;1;1;2;1;61;61;;60;25;22;13;;;;;;63;27;3;6;16;11;;;;17;17;;;;;;;;;;
54;Potsdam, Stadt;5405;1205400000006401;STIMMBEZIRK;Waldstadt I und Industriegelände 01;6401;;;N;1249;927;322;0;569;568;1;1;0;17;1647;350;94;107;20;14;12;24;8;6;27;21;6;4;5;2;146;32;15;23;15;9;12;2;5;16;2;4;6;1;4;136;46;24;13;11;10;3;7;6;7;0;2;7;;;238;67;68;27;30;4;7;12;5;1;17;;;;;143;46;16;6;0;21;3;5;11;4;7;7;5;1;11;381;170;63;47;101;56;7;5;7;8;1;2;4;7;1;4;0;4;3;3;47;47;;42;19;19;4;;;;;;91;32;13;18;17;11;;;;17;17;;;;;;;;;;
54;Potsdam, Stadt;5405;1205400000009047;BRIEFWAHLBEZIRK;Potsdam Briefwahlbezirk 9047;9047;;;N;0;0;0;0;346;0;346;0;0;3;1027;251;47;42;22;14;30;18;3;3;14;10;31;10;0;7;109;14;12;20;8;4;4;4;13;8;2;7;5;3;5;146;35;44;11;2;8;4;13;2;4;4;5;14;;;125;31;33;18;12;4;3;14;2;0;8;;;;;95;26;3;3;3;24;4;4;3;2;3;6;2;0;12;138;72;26;13;27;18;0;3;1;0;1;1;3;1;1;6;0;0;0;1;36;36;;39;9;23;7;;;;;;56;32;5;5;7;7;;;;14;14;;;;;;;;;;
54;Potsdam, Stadt;5405;1205400000006506;STIMMBEZIRK;Waldstadt II 06;6506;;;N;871;739;132;0;369;369;0;0;0;18;1035;192;56;53;15;10;4;4;9;4;14;7;6;3;3;4;43;13;6;6;6;2;1;0;1;3;1;2;0;1;1;112;41;29;6;1;4;2;5;5;1;1;1;16;;;107;35;24;14;9;1;2;10;4;3;5;;;;;66;12;9;3;5;14;2;1;5;3;1;3;1;2;5;324;148;72;41;63;14;6;0;0;2;0;0;1;1;0;3;0;0;0;1;55;55;;25;12;9;4;;;;;;86;51;5;12;15;3;;;;11;11;;;;;;;;;;
54;Potsdam, Stadt;5405;1205400000009052;BRIEFWAHLBEZIRK;Potsdam Briefwahlbezirk 9052;9052;;;N;0;0;0;0;384;0;384;0;0;5;1132;235;63;38;27;10;12;13;9;0;25;6;15;4;4;9;91;11;4;11;9;8;10;1;7;10;4;8;3;0;5;194;54;45;22;3;10;2;24;10;11;3;1;9;;;183;51;35;31;20;5;5;15;4;0;17;;;;;120;41;7;7;5;17;2;4;7;5;6;13;1;1;4;138;62;24;26;26;21;5;5;5;2;0;0;1;1;1;1;0;0;0;0;34;34;;21;10;8;3;;;;;;87;23;7;18;16;23;;;;8;8;;;;;;;;;;
54;Potsdam, Stadt;5405;1205400000006507;STIMMBEZIRK;Waldstadt II 07;6507;;;N;919;778;141;0;433;433;0;0;0;9;1270;247;66;54;18;22;10;12;13;1;17;14;5;8;4;3;93;20;11;9;6;2;5;3;8;13;2;6;6;0;2;155;50;24;14;7;14;1;10;11;10;1;2;11;;;158;44;27;30;15;4;8;12;2;0;16;;;;;83;22;11;8;2;12;0;4;3;1;6;2;1;0;11;354;143;65;51;95;25;1;3;4;1;2;2;0;2;3;2;1;0;2;2;50;50;;35;13;15;7;;;;;;62;31;10;13;5;3;;;;8;8;;;;;;;;;;
54;Potsdam, Stadt;5405;1205400000009053;BRIEFWAHLBEZIRK;Potsdam Briefwahlbezirk 9053;9053;;;N;0;0;0;0;415;0;415;0;0;2;1236;236;65;45;19;18;15;22;3;2;21;7;8;6;2;3;99;15;14;17;10;9;4;4;5;6;1;9;2;2;1;196;47;36;8;2;17;6;17;10;19;3;8;23;;;158;42;47;16;12;1;6;17;1;1;15;;;;;143;37;8;4;3;35;2;10;8;8;3;10;3;1;11;171;74;27;28;42;25;4;5;5;1;1;1;2;0;2;0;2;0;0;2;39;39;;71;20;35;16;;;;;;87;18;14;23;21;11;;;;11;11;;;;;;;;;;
54;Potsdam, Stadt;5405;1205400000009046;BRIEFWAHLBEZIRK;Potsdam Briefwahlbezirk 9046;9046;;;N;0;0;0;0;597;0;597;0;0;3;1758;370;75;73;20;11;12;51;16;21;33;24;15;10;6;3;244;62;31;29;8;16;12;7;16;27;4;8;5;9;10;217;49;65;13;9;6;5;11;8;10;4;23;14;;;271;86;74;19;22;13;10;17;3;2;25;;;;;213;37;16;36;9;16;16;2;10;8;12;14;15;5;17;181;68;23;21;69;56;14;20;4;0;2;0;3;0;2;4;0;1;5;1;33;33;;74;26;32;16;;;;;;82;36;5;14;19;8;;;;17;17;;;;;;;;;;
54;Potsdam, Stadt;5406;1205400000007102;STIMMBEZIRK;Stern 02;7102;;;N;1127;935;192;0;510;510;0;0;0;13;1468;261;123;23;6;18;23;20;6;9;3;7;13;10;;;84;16;22;5;1;5;5;11;5;1;0;4;9;0;;123;43;31;10;12;5;7;6;1;8;;;;;;144;54;25;39;9;17;;;;;;;;;;78;24;9;5;12;1;1;7;1;5;1;5;0;0;7;394;172;145;42;35;47;20;4;3;2;0;2;2;1;0;9;1;0;1;2;55;55;;32;25;7;;;;;;;250;202;16;6;9;8;7;2;0;;;;;;;;;;;;
54;Potsdam, Stadt;5405;1205400000009049;BRIEFWAHLBEZIRK;Potsdam Briefwahlbezirk 9049;9049;;;N;0;0;0;0;443;0;443;0;0;7;1308;359;92;84;26;9;24;22;15;4;23;17;17;6;7;13;101;18;7;10;15;5;2;2;7;17;3;9;3;1;2;159;43;47;12;2;12;4;7;2;12;3;3;12;;;230;58;71;29;18;2;8;17;6;4;17;;;;;110;17;9;2;6;14;4;3;6;2;10;14;4;3;16;173;62;23;16;72;23;6;4;1;0;5;2;0;1;1;2;0;0;1;0;40;40;;53;23;18;12;;;;;;51;21;5;15;6;4;;;;9;9;;;;;;;;;;
54;Potsdam, Stadt;5406;1205400000007104;STIMMBEZIRK;Stern 04;7104;;;N;1260;1002;258;0;652;649;3;3;0;15;1889;394;277;21;19;23;15;10;3;7;3;3;7;6;;;170;64;38;8;9;13;7;6;1;3;2;9;8;2;;139;61;33;17;10;3;5;6;3;1;;;;;;212;96;40;53;9;14;;;;;;;;;;143;46;23;10;13;7;4;8;3;7;2;8;8;2;2;401;180;133;49;39;50;20;9;6;1;1;0;0;9;0;0;0;1;0;3;60;60;;48;25;23;;;;;;;272;231;14;9;1;4;10;0;3;;;;;;;;;;;;
54;Potsdam, Stadt;5405;1205400000009050;BRIEFWAHLBEZIRK;Potsdam Briefwahlbezirk 9050;9050;;;N;0;0;0;0;566;0;566;0;0;6;1673;366;103;76;17;23;25;24;9;4;26;13;20;7;8;11;225;54;25;29;13;18;8;1;14;27;4;9;10;1;12;117;42;22;6;8;5;0;5;8;10;2;4;5;;;280;113;52;29;20;5;5;31;5;1;19;;;;;164;45;12;8;7;18;4;8;7;8;5;17;5;1;19;195;87;28;28;52;72;12;15;13;9;4;0;3;0;6;0;1;1;0;8;52;52;;64;22;28;14;;;;;;92;28;12;10;24;18;;;;46;46;;;;;;;;;;
54;Potsdam, Stadt;5406;1205400000007106;STIMMBEZIRK;Stern 06;7106;;;N;1133;924;209;0;484;481;3;3;0;11;1401;225;131;23;10;8;7;16;1;10;2;5;7;5;;;99;24;20;5;5;8;5;2;4;6;0;9;10;1;;123;43;21;8;12;10;8;12;5;4;;;;;;133;52;27;42;4;8;;;;;;;;;;53;10;6;10;4;3;1;1;1;1;0;7;0;0;9;298;142;102;23;31;39;18;6;3;3;0;1;2;1;2;1;0;1;1;0;43;43;;31;20;11;;;;;;;357;298;30;4;8;5;10;2;0;;;;;;;;;;;;
54;Potsdam, Stadt;5405;1205400000009051;BRIEFWAHLBEZIRK;Potsdam Briefwahlbezirk 9051;9051;;;N;0;0;0;0;487;0;487;0;0;5;1444;342;75;97;21;19;25;21;5;4;27;9;15;14;3;7;146;34;18;28;8;14;5;3;6;13;3;4;4;1;5;181;39;58;20;3;12;5;14;6;12;3;2;7;;;140;41;24;19;22;2;5;13;0;2;12;;;;;144;41;6;11;4;21;9;4;8;10;5;14;3;0;8;253;110;49;32;62;41;4;10;7;3;2;0;5;0;3;0;1;0;4;2;48;48;;68;25;31;12;;;;;;69;24;9;17;9;10;;;;12;12;;;;;;;;;;
54;Potsdam, Stadt;5406;1205400000007109;STIMMBEZIRK;Stern 09;7109;;;N;831;726;105;0;357;357;0;0;0;10;1016;177;99;15;11;6;17;5;5;4;2;2;7;4;;;32;5;7;3;2;2;1;3;1;0;2;0;6;0;;60;21;15;8;2;4;2;3;4;1;;;;;;117;39;30;32;4;12;;;;;;;;;;47;13;3;2;5;2;4;1;2;8;0;1;1;1;4;341;123;118;61;39;28;8;7;2;0;2;2;0;1;1;1;1;0;1;2;25;25;;23;18;5;;;;;;;166;133;6;7;4;5;8;3;0;;;;;;;;;;;;
;;5406;5406;WAHLKREIS;Wahlkreis 5406;;;;N;22851;18653;4198;0;14264;10342;3922;43;0;283;41538;7854;4391;683;365;507;313;455;145;229;93;148;320;205;;;3362;906;756;179;125;215;170;268;135;24;27;193;336;28;;3348;1219;919;278;295;222;89;158;75;93;;;;;;5274;2127;998;1358;301;490;;;;;;;;;;2409;673;293;288;196;61;108;151;71;150;47;170;67;48;86;8534;3611;3011;1023;889;1826;694;294;142;108;68;145;38;85;25;54;28;35;33;77;1333;1333;;1236;864;372;;;;;;;6362;5091;343;231;198;111;244;103;41;;;;;;;;;;;;
54;Potsdam, Stadt;5406;1205400000007113;STIMMBEZIRK;Stern 13;7113;;;N;1225;933;292;0;627;621;6;6;0;10;1842;351;171;21;17;36;13;30;9;18;2;11;15;8;;;223;73;42;11;6;18;9;14;8;0;2;13;27;0;;161;69;43;13;16;6;5;5;3;1;;;;;;320;131;67;76;18;28;;;;;;;;;;122;38;21;18;11;3;5;2;3;1;4;6;3;2;5;213;90;80;24;19;140;49;28;11;7;8;12;7;6;0;1;4;2;1;4;50;50;;57;43;14;;;;;;;205;156;10;2;7;6;21;3;0;;;;;;;;;;;;
54;Potsdam, Stadt;5406;1205400000007101;STIMMBEZIRK;Stern 01;7101;;;N;1311;978;333;0;643;639;4;4;0;16;1846;315;159;33;13;15;12;28;6;6;4;5;12;22;;;236;68;49;16;13;7;9;24;16;2;0;14;15;3;;150;59;38;11;11;9;6;4;5;7;;;;;;273;140;44;58;12;19;;;;;;;;;;89;34;8;6;6;2;3;6;5;7;1;2;5;3;1;338;157;121;28;32;124;52;15;22;15;4;3;1;1;1;2;1;2;1;4;48;48;;44;28;16;;;;;;;229;189;9;5;6;1;18;1;0;;;;;;;;;;;;
54;Potsdam, Stadt;5406;1205400000007201;STIMMBEZIRK;Drewitz 01;7201;;;N;1106;856;250;0;586;585;1;1;0;7;1722;258;152;10;6;37;15;9;7;4;2;5;9;2;;;128;27;33;5;3;8;7;7;8;2;0;12;14;2;;79;36;23;10;2;1;3;2;1;1;;;;;;307;136;61;71;23;16;;;;;;;;;;90;35;14;15;3;1;3;4;1;4;0;7;0;0;3;433;200;153;41;39;126;60;20;12;2;3;6;0;4;1;2;2;9;1;4;68;68;;85;52;33;;;;;;;148;113;4;9;3;4;6;8;1;;;;;;;;;;;;
54;Potsdam, Stadt;5406;1205400000007105;STIMMBEZIRK;Stern 05;7105;;;N;1135;862;273;0;516;513;3;3;0;7;1515;271;155;29;19;13;3;11;2;14;6;2;4;13;;;193;74;39;7;3;13;7;10;8;0;1;8;22;1;;89;31;19;7;7;8;3;10;1;3;;;;;;208;90;48;53;6;11;;;;;;;;;;83;34;8;6;9;2;5;3;3;6;0;5;1;1;0;301;117;109;38;37;80;38;5;8;3;3;2;6;11;2;2;0;0;0;0;39;39;;33;24;9;;;;;;;218;167;15;8;3;11;6;4;4;;;;;;;;;;;;
54;Potsdam, Stadt;5406;1205400000007204;STIMMBEZIRK;Drewitz 04;7204;;;N;838;743;95;0;326;326;0;0;0;9;945;163;75;17;11;19;7;8;2;5;2;3;11;3;;;42;9;9;3;1;5;2;5;4;0;1;0;3;0;;105;40;19;18;8;3;4;5;5;3;;;;;;97;47;15;19;6;10;;;;;;;;;;42;10;3;1;4;0;1;2;0;2;5;10;3;1;0;330;123;116;50;41;18;4;4;0;5;1;2;0;1;0;0;0;0;0;1;37;37;;19;12;7;;;;;;;92;79;2;4;1;0;5;1;0;;;;;;;;;;;;
54;Potsdam, Stadt;5406;1205400000007107;STIMMBEZIRK;Stern 07;7107;;;N;801;670;131;0;321;320;1;1;0;7;912;157;96;10;4;11;5;15;0;2;4;2;2;6;;;23;2;4;0;0;0;2;7;2;2;0;2;2;0;;78;24;23;6;6;5;1;4;3;6;;;;;;54;27;11;9;6;1;;;;;;;;;;62;16;3;7;6;4;2;4;9;2;1;1;2;2;3;301;118;106;38;39;25;10;7;0;1;0;1;1;0;3;0;1;0;0;1;36;36;;27;17;10;;;;;;;149;114;10;11;3;1;7;0;3;;;;;;;;;;;;
54;Potsdam, Stadt;5406;1205400000007302;STIMMBEZIRK;Kirchsteigfeld 02;7302;;;N;1078;916;162;0;528;525;3;3;0;15;1512;290;193;24;5;15;16;12;2;5;2;9;6;1;;;120;23;35;11;4;13;5;11;1;0;0;2;15;0;;119;53;34;9;6;5;1;8;1;2;;;;;;194;68;33;58;12;23;;;;;;;;;;61;19;10;3;2;0;5;3;2;4;1;7;3;1;1;417;164;155;62;36;62;22;9;2;4;6;6;1;4;0;1;0;2;1;4;60;60;;37;31;6;;;;;;;152;109;16;10;10;2;4;1;0;;;;;;;;;;;;
54;Potsdam, Stadt;5406;1205400000007111;STIMMBEZIRK;Stern 11;7111;;;N;1014;774;240;0;473;471;2;2;0;4;1395;272;158;18;28;17;8;7;6;6;4;6;9;5;;;81;21;13;9;3;5;9;4;4;0;1;6;6;0;;102;31;17;10;16;8;6;8;2;4;;;;;;183;82;37;39;9;16;;;;;;;;;;82;17;7;14;7;1;2;6;2;4;5;5;1;9;2;292;105;113;35;39;68;26;16;2;3;2;6;1;1;0;2;1;7;0;1;43;43;;31;16;15;;;;;;;241;199;16;3;5;3;11;1;3;;;;;;;;;;;;
54;Potsdam, Stadt;5406;1205400000007303;STIMMBEZIRK;Kirchsteigfeld 03;7303;;;N;1139;940;199;0;675;674;1;1;0;18;1959;473;324;51;10;22;17;7;4;11;2;5;14;6;;;146;38;41;13;5;4;7;11;3;1;2;10;9;2;;135;45;31;16;12;14;1;8;3;5;;;;;;285;95;37;110;20;23;;;;;;;;;;92;44;8;3;6;2;8;5;3;4;0;2;3;2;2;339;136;129;44;30;98;33;32;6;2;1;8;2;4;1;2;1;0;4;2;50;50;;79;59;20;;;;;;;262;201;14;21;11;1;7;7;0;;;;;;;;;;;;
54;Potsdam, Stadt;5406;1205400000007203;STIMMBEZIRK;Drewitz 03;7203;;;N;838;722;116;0;342;342;0;0;0;7;1001;157;95;15;8;10;7;7;1;4;2;2;6;0;;;42;6;8;2;3;5;5;4;2;0;0;1;6;0;;92;33;30;6;3;13;0;4;2;1;;;;;;119;58;15;23;6;17;;;;;;;;;;66;20;8;13;8;3;1;5;1;2;1;2;1;0;1;290;142;94;32;22;17;2;3;0;2;0;0;1;3;1;4;0;0;0;1;46;46;;26;17;9;;;;;;;146;111;12;7;10;1;2;3;0;;;;;;;;;;;;
54;Potsdam, Stadt;5406;1205400000009056;BRIEFWAHLBEZIRK;Potsdam Briefwahlbezirk 9056;9056;;;N;0;0;0;0;453;0;453;0;0;5;1344;219;123;20;21;11;6;8;2;8;2;8;5;5;;;166;46;36;10;6;10;17;13;4;1;1;7;13;2;;114;30;39;8;11;12;1;5;1;7;;;;;;172;78;31;32;11;20;;;;;;;;;;89;20;14;10;7;0;6;6;3;7;0;6;5;4;1;134;56;53;13;12;69;32;8;3;5;2;10;2;1;0;0;0;1;2;3;22;22;;29;20;9;;;;;;;330;281;8;9;4;6;8;9;5;;;;;;;;;;;;
54;Potsdam, Stadt;5406;1205400000007205;STIMMBEZIRK;Drewitz 05;7205;;;N;758;656;102;0;296;296;0;0;0;5;853;161;71;13;11;10;8;20;5;6;4;5;7;1;;;41;11;11;2;3;4;2;0;0;0;0;4;1;3;;55;23;15;4;7;1;0;1;1;3;;;;;;101;42;19;25;8;7;;;;;;;;;;46;10;5;5;2;0;2;4;0;11;0;3;1;1;2;261;117;91;25;28;22;10;4;1;0;1;2;0;1;0;0;0;0;0;3;33;33;;29;18;11;;;;;;;104;76;7;10;5;2;4;0;0;;;;;;;;;;;;
54;Potsdam, Stadt;5406;1205400000009059;BRIEFWAHLBEZIRK;Potsdam Briefwahlbezirk 9059;9059;;;N;0;0;0;0;431;0;431;0;0;4;1281;243;127;27;12;23;9;22;1;6;1;7;5;3;;;207;43;56;8;5;12;8;15;4;1;2;17;35;1;;95;43;19;9;10;6;5;2;1;0;;;;;;160;57;44;41;3;15;;;;;;;;;;79;21;9;9;6;0;2;6;2;6;0;7;3;1;7;146;58;61;17;10;112;39;15;12;2;3;16;1;9;0;3;11;0;0;1;18;18;;27;18;9;;;;;;;194;168;6;2;8;2;5;1;2;;;;;;;;;;;;
54;Potsdam, Stadt;5406;1205400000007206;STIMMBEZIRK;Drewitz 06;7206;;;N;705;621;84;0;287;287;0;0;0;10;810;136;90;8;10;1;4;8;0;4;1;2;7;1;;;20;4;6;2;1;2;0;0;1;0;0;2;2;0;;81;14;27;6;14;6;0;11;2;1;;;;;;58;26;15;10;1;6;;;;;;;;;;39;12;7;5;2;1;2;0;0;2;5;1;0;1;1;330;162;105;31;32;9;3;0;0;0;1;0;0;0;0;0;4;0;0;1;32;32;;15;9;6;;;;;;;90;66;10;3;3;4;2;2;0;;;;;;;;;;;;
54;Potsdam, Stadt;5406;1205400000009062;BRIEFWAHLBEZIRK;Potsdam Briefwahlbezirk 9062;9062;;;N;0;0;0;0;655;0;655;0;0;4;1945;389;225;32;4;26;22;22;8;17;3;5;19;6;;;186;59;34;8;8;15;13;18;2;0;1;10;18;0;;191;79;57;10;17;9;4;5;5;5;;;;;;252;78;66;63;16;29;;;;;;;;;;135;30;14;17;10;8;7;7;5;8;0;18;1;1;9;230;106;73;32;19;140;58;25;10;5;0;20;1;4;0;5;0;2;2;8;63;63;;109;89;20;;;;;;;250;192;12;13;11;4;10;5;3;;;;;;;;;;;;
54;Potsdam, Stadt;5406;1205400000007304;STIMMBEZIRK;Kirchsteigfeld 04;7304;;;N;637;495;142;0;320;317;3;3;0;4;942;166;101;12;5;14;3;8;2;2;6;1;6;6;;;59;24;11;1;2;5;0;4;2;0;0;5;5;0;;90;29;36;9;2;6;0;3;3;2;;;;;;109;38;30;21;9;11;;;;;;;;;;57;22;9;5;2;0;3;3;1;7;0;3;1;1;0;212;90;67;38;17;30;17;6;1;0;2;0;0;0;0;0;0;0;1;3;51;51;;48;42;6;;;;;;;120;99;6;3;3;2;6;1;0;;;;;;;;;;;;
54;Potsdam, Stadt;5406;1205400000009054;BRIEFWAHLBEZIRK;Potsdam Briefwahlbezirk 9054;9054;;;N;0;0;0;0;494;0;494;0;0;8;1453;333;140;34;17;26;18;21;5;6;4;6;30;26;;;182;62;43;5;11;7;4;13;18;0;0;7;11;1;;88;36;22;2;12;13;1;1;0;1;;;;;;160;46;33;57;9;15;;;;;;;;;;140;45;19;12;11;3;4;8;3;8;4;8;2;4;9;145;61;47;19;18;72;15;7;12;10;4;9;0;1;6;2;0;1;3;2;24;24;;29;20;9;;;;;;;280;234;13;3;7;1;12;9;1;;;;;;;;;;;;
54;Potsdam, Stadt;5406;1205400000009057;BRIEFWAHLBEZIRK;Potsdam Briefwahlbezirk 9057;9057;;;N;0;0;0;0;321;0;321;0;0;1;959;226;106;18;5;11;14;19;11;8;4;6;15;9;;;42;6;9;4;0;4;3;2;0;0;1;6;7;0;;90;34;36;3;6;6;1;1;1;2;;;;;;105;35;16;29;12;13;;;;;;;;;;50;13;5;13;1;2;2;2;1;1;0;8;0;0;2;114;55;37;14;8;26;8;3;4;1;1;5;0;0;0;2;0;0;1;1;32;32;;32;23;9;;;;;;;242;201;11;4;11;3;8;2;2;;;;;;;;;;;;
54;Potsdam, Stadt;5406;1205400000009058;BRIEFWAHLBEZIRK;Potsdam Briefwahlbezirk 9058;9058;;;N;0;0;0;0;344;0;344;0;0;4;1014;205;111;22;9;10;5;16;2;5;1;4;14;6;;;86;20;9;4;8;4;5;6;6;0;4;8;9;3;;78;29;25;3;5;6;1;6;1;2;;;;;;120;41;21;33;5;20;;;;;;;;;;78;7;7;16;7;2;6;2;6;2;0;16;3;0;4;111;47;31;15;18;40;16;5;0;2;5;4;0;0;3;1;0;0;2;2;27;27;;39;26;13;;;;;;;230;201;6;3;4;5;6;3;2;;;;;;;;;;;;
;;;54;KREIS;Potsdam, Stadt;;;;N;143118;108893;34225;0;100728;69107;31621;358;0;1665;295020;57258;;;;;;;;;;;;;;;42804;;;;;;;;;;;;;;;25778;;;;;;;;;;;;;;;43494;;;;;;;;;;;;;;;29973;;;;;;;;;;;;;;;40321;;;;;13155;;;;;;;;;;;;;;;7837;;;8686;;;;;;;;;16167;;;;;;;;;3559;;;;;;5503;;;485;485;
;;5401;5401;WAHLKREIS;Wahlkreis 5401;;;;N;23773;17146;6627;0;17477;11361;6116;54;0;270;51277;8504;3487;1530;358;440;333;282;352;173;238;338;233;102;257;381;9294;2806;1325;967;471;633;318;493;123;240;608;88;782;370;70;3941;1167;367;299;270;238;351;218;172;126;186;116;180;150;101;9060;3767;882;620;671;766;243;148;346;484;182;149;150;527;125;5293;944;482;363;147;727;548;106;518;452;224;160;203;110;309;4877;2971;1906;;;3322;1479;544;150;322;65;43;198;87;62;97;76;85;60;54;1166;1166;;1640;801;252;103;155;79;51;64;135;1384;679;240;203;262;;;;;675;552;70;53;;;1636;1636;;485;485;
54;Potsdam, Stadt;5401;1205400000002101;STIMMBEZIRK;Nauener Vorstadt 01;2101;;;N;1078;733;345;0;521;518;3;3;0;9;1516;220;117;33;9;13;9;2;5;5;5;2;6;3;6;5;244;94;46;25;2;20;0;15;4;5;18;2;7;3;3;89;34;8;7;9;1;5;2;7;3;4;2;6;1;0;387;175;38;26;21;15;8;14;25;14;2;6;5;29;9;84;20;5;2;0;6;10;13;1;10;2;4;0;4;7;149;90;59;;;189;111;19;4;15;0;0;6;9;7;2;2;8;0;6;10;10;;24;12;6;1;2;0;1;0;2;40;15;9;13;3;;;;;22;18;3;1;;;46;46;;12;12;
54;Potsdam, Stadt;5401;1205400000002301;STIMMBEZIRK;Berliner Vorstadt 01;2301;;;N;1286;838;448;0;518;517;1;1;0;10;1518;253;140;25;11;14;10;7;7;9;6;2;2;8;5;7;219;91;35;27;12;11;4;11;1;3;10;4;6;3;1;39;19;2;3;2;2;4;2;2;1;1;0;0;1;0;385;197;53;17;21;9;11;5;24;15;4;5;6;13;5;78;21;8;8;0;10;4;0;4;8;2;0;2;3;8;210;135;75;;;158;89;24;6;16;1;1;6;5;2;1;2;4;1;0;25;25;;28;11;7;3;0;0;2;5;0;34;18;1;6;9;;;;;25;25;0;0;;;48;48;;16;16;
54;Potsdam, Stadt;5401;1205400000004102;STIMMBEZIRK;Historische Innenstadt 02;4102;;;N;1304;920;384;0;596;595;1;1;0;10;1733;314;146;70;11;8;12;6;11;5;8;2;6;0;8;21;313;79;44;32;13;32;9;25;2;5;20;1;32;18;1;119;31;8;11;8;15;4;4;6;3;7;5;6;7;4;313;171;26;15;24;15;5;4;14;10;2;5;8;11;3;183;53;18;10;10;18;21;6;12;12;4;10;3;0;6;179;113;66;;;75;34;6;1;9;0;2;8;2;3;3;1;2;3;1;52;52;;49;27;11;3;4;0;0;1;3;52;22;11;7;12;;;;;16;13;2;1;;;48;48;;20;20;
54;Potsdam, Stadt;5401;1205400000004103;STIMMBEZIRK;Historische Innenstadt 03;4103;;;N;1132;794;338;0;505;505;0;0;0;4;1492;238;110;41;4;17;12;7;11;2;8;1;6;2;8;9;318;106;38;26;17;23;11;21;3;15;18;1;21;16;2;177;54;17;8;8;16;19;9;7;4;4;4;10;9;8;146;62;20;8;9;3;7;5;2;10;4;0;4;12;0;225;35;20;15;2;26;20;1;28;25;11;2;25;5;10;99;60;39;;;66;24;10;1;6;3;2;9;1;4;4;0;0;0;2;70;70;;34;14;5;3;3;3;0;1;5;46;25;10;8;3;;;;;17;16;1;0;;;42;42;;14;14;
54;Potsdam, Stadt;5401;1205400000004107;STIMMBEZIRK;Historische Innenstadt 07;4107;;;N;1081;879;202;0;513;512;1;1;0;25;1449;316;125;43;8;15;14;21;14;8;20;3;12;1;18;14;139;32;23;10;4;12;3;8;3;6;11;3;11;10;3;183;50;21;8;8;6;11;2;5;6;9;3;41;6;7;176;67;31;4;12;6;5;9;10;8;3;3;3;10;5;130;28;16;8;4;21;11;1;10;9;4;6;4;2;6;243;157;86;;;53;15;7;2;5;2;0;3;0;2;7;1;3;5;1;38;38;;28;10;4;2;6;1;1;0;4;80;45;11;7;17;;;;;23;19;3;1;;;20;20;;20;20;
54;Potsdam, Stadt;5401;1205400000004108;STIMMBEZIRK;Historische Innenstadt 08;4108;;;N;1184;879;305;0;598;598;0;0;0;11;1749;247;98;57;14;7;14;6;12;6;6;3;5;1;5;13;393;122;47;39;34;21;10;27;5;9;33;8;26;9;3;163;51;14;11;16;6;14;13;1;2;18;2;2;7;6;184;75;21;13;13;10;11;2;3;12;3;1;0;19;1;236;25;16;15;8;42;13;3;45;17;12;6;11;4;19;182;115;67;;;93;46;18;7;6;1;4;1;1;2;2;0;3;1;1;40;40;;47;18;16;1;1;6;0;2;3;41;19;9;5;8;;;;;12;12;0;0;;;101;101;;10;10;
54;Potsdam, Stadt;5401;1205400000004402;STIMMBEZIRK;Hauptbahnhof und Brauhausberg Nord 02;4402;;;N;814;515;299;0;353;347;6;6;0;1;1052;160;67;35;4;4;10;0;5;10;1;2;10;2;3;7;212;50;32;33;6;10;13;12;2;4;21;0;21;5;3;51;18;4;3;8;1;5;2;1;0;0;1;2;1;5;270;139;37;7;16;7;16;0;10;5;7;6;6;14;0;51;14;3;2;3;5;5;0;1;5;1;2;1;2;7;88;58;30;;;101;42;27;11;6;2;0;8;0;1;1;2;0;1;0;25;25;;20;11;4;1;0;1;0;1;2;13;8;2;1;2;;;;;8;8;0;0;;;50;50;;3;3;
54;Potsdam, Stadt;5401;1205400000008604;STIMMBEZIRK;Groß Glienicke 04;8604;;;N;953;746;207;0;423;421;2;2;0;9;1235;186;53;40;5;8;7;3;4;3;3;41;9;0;7;3;118;36;14;9;12;3;10;8;1;5;7;1;8;3;1;79;15;11;7;6;12;6;5;1;5;4;2;2;1;2;268;65;19;19;18;83;4;2;5;13;5;7;4;18;6;36;6;7;3;2;4;2;1;3;4;0;3;0;1;0;272;175;97;;;59;27;12;2;4;0;0;4;2;0;1;2;5;0;0;49;49;;119;86;20;1;6;2;1;1;2;19;11;2;4;2;;;;;3;0;3;0;;;27;27;;0;0;
54;Potsdam, Stadt;5401;1205400000009002;BRIEFWAHLBEZIRK;Potsdam Briefwahlbezirk 9002;9002;;;N;0;0;0;0;522;0;522;0;0;3;1552;329;163;55;18;15;6;8;14;6;3;8;8;5;7;13;347;104;66;34;17;18;4;16;2;14;17;6;34;11;4;74;26;0;4;3;5;8;4;4;8;4;3;2;3;0;277;115;27;8;23;13;3;9;12;18;11;1;9;25;3;136;12;12;5;2;26;12;4;19;4;8;12;6;5;9;99;57;42;;;107;45;14;10;9;0;1;9;0;0;3;5;1;2;8;23;23;;50;14;11;5;3;1;4;2;10;49;20;10;3;16;;;;;23;15;4;4;;;25;25;;13;13;
54;Potsdam, Stadt;5401;1205400000009004;BRIEFWAHLBEZIRK;Potsdam Briefwahlbezirk 9004;9004;;;N;0;0;0;0;682;0;682;0;0;8;2011;410;168;67;11;20;16;17;20;16;14;8;14;12;11;16;428;116;55;24;32;47;13;30;5;16;24;1;48;16;1;151;45;21;11;9;8;17;10;5;4;6;2;5;5;3;316;121;32;16;29;18;8;4;23;31;6;4;6;9;9;258;39;19;9;5;53;23;7;51;8;7;4;16;1;16;102;45;57;;;115;64;18;4;9;1;1;4;6;0;3;2;0;1;2;43;43;;39;19;4;1;2;0;2;2;9;63;30;11;6;16;;;;;13;13;0;0;;;54;54;;19;19;
54;Potsdam, Stadt;5401;1205400000009008;BRIEFWAHLBEZIRK;Potsdam Briefwahlbezirk 9008;9008;;;N;0;0;0;0;266;0;266;0;0;2;788;143;38;31;3;7;4;19;8;3;3;2;8;1;9;7;154;35;12;19;12;8;11;15;4;1;13;1;13;9;1;75;25;3;6;4;2;15;3;3;0;5;3;1;4;1;89;39;4;3;3;10;1;7;0;10;3;0;1;5;3;88;17;11;5;3;16;10;0;8;8;1;1;1;1;6;65;44;21;;;26;9;3;1;7;0;0;2;0;1;0;0;1;1;1;14;14;;31;11;8;1;3;3;0;2;3;39;22;5;3;9;;;;;14;9;3;2;;;40;40;;10;10;
54;Potsdam, Stadt;5401;1205400000009009;BRIEFWAHLBEZIRK;Potsdam Briefwahlbezirk 9009;9009;;;N;0;0;0;0;514;0;514;0;0;5;1514;264;109;47;12;12;6;10;8;8;7;1;11;6;4;23;300;46;46;38;26;22;12;13;3;8;23;5;34;21;3;112;43;12;4;16;1;13;5;4;0;1;9;0;3;1;265;104;16;10;21;15;14;5;7;22;11;7;10;20;3;102;16;9;5;1;14;20;2;9;7;3;2;2;2;10;107;67;40;;;132;49;25;2;8;4;6;6;7;2;7;6;1;7;2;46;46;;54;22;11;2;3;3;1;1;11;29;16;7;2;4;;;;;21;16;3;2;;;79;79;;3;3;
54;Potsdam, Stadt;5401;1205400000009012;BRIEFWAHLBEZIRK;Potsdam Briefwahlbezirk 9012;9012;;;N;0;0;0;0;420;0;420;0;0;6;1239;229;88;39;11;8;5;3;4;2;2;52;1;2;5;7;145;40;18;16;8;17;4;6;1;3;12;0;7;12;1;62;14;4;5;6;0;5;4;3;1;5;7;3;2;3;284;97;18;33;25;63;6;2;3;18;3;0;3;7;6;36;5;4;3;0;8;7;0;0;4;0;1;1;0;3;99;53;46;;;91;42;14;6;7;1;0;7;2;2;7;0;3;0;0;35;35;;168;100;9;11;25;10;4;2;7;44;18;15;5;6;;;;;30;27;3;0;;;14;14;;2;2;
;;5402;5402;WAHLKREIS;Wahlkreis 5402;;;;N;24941;18527;6414;0;18495;12602;5893;63;0;244;54209;11504;4759;1340;2275;595;177;387;188;353;360;188;506;118;75;183;7935;2313;1306;947;673;144;351;483;124;292;55;364;387;388;108;4122;1753;507;227;373;327;342;195;70;166;98;64;;;;9978;2628;905;726;717;1485;704;458;285;333;633;306;397;125;276;4298;1103;392;378;433;267;186;256;83;299;347;98;39;235;182;7523;4862;2661;;;2672;802;481;245;145;51;63;245;98;118;33;72;139;17;163;1188;1188;;2237;1304;397;208;165;163;;;;1697;764;432;169;332;;;;;1055;330;251;254;220;;;;;;;
54;Potsdam, Stadt;5402;1205400000001102;STIMMBEZIRK;Bornim 02;1102;;;N;1503;1144;359;0;817;817;0;0;0;8;2398;565;204;43;226;20;1;17;1;12;9;6;21;1;2;2;269;88;34;32;25;4;8;14;4;15;2;18;11;11;3;143;53;18;6;16;18;14;3;3;7;4;1;;;;452;103;35;29;29;87;37;22;15;15;26;7;18;7;22;167;45;12;13;11;12;13;14;1;4;8;3;2;15;14;346;261;85;;;125;44;17;7;11;1;9;11;3;4;2;3;4;0;9;64;64;;98;58;22;8;8;2;;;;105;50;35;9;11;;;;;64;45;6;5;8;;;;;;;
54;Potsdam, Stadt;5402;1205400000001302;STIMMBEZIRK;Bornstedt 02;1302;;;N;1164;913;251;0;650;648;2;2;0;12;1897;436;187;75;58;32;5;10;10;13;6;7;16;8;1;8;200;47;30;22;19;5;6;21;5;6;2;10;13;12;2;194;71;24;15;12;22;22;4;7;9;3;5;;;;294;79;28;22;23;54;22;8;4;17;10;3;10;6;8;176;41;18;12;11;8;8;13;16;17;7;2;2;8;13;270;205;65;;;57;29;13;3;3;0;0;4;0;2;1;0;1;0;1;66;66;;75;40;15;7;4;9;;;;77;27;21;14;15;;;;;52;7;16;11;18;;;;;;;
54;Potsdam, Stadt;5402;1205400000001601;STIMMBEZIRK;Grube 01;1601;;;N;361;259;102;0;177;177;0;0;0;5;506;79;31;6;20;3;1;6;2;1;0;2;5;0;1;1;74;26;8;10;8;0;4;6;0;6;1;2;3;0;0;13;8;1;2;0;0;0;1;0;0;0;1;;;;107;8;5;4;1;71;10;5;0;0;1;1;0;0;1;41;11;6;2;1;6;1;0;0;2;5;1;0;5;1;127;93;34;;;20;10;1;1;0;0;1;1;1;1;1;0;1;0;2;9;9;;17;11;4;0;2;0;;;;16;5;7;1;3;;;;;3;1;0;0;2;;;;;;;
54;Potsdam, Stadt;5402;1205400000008101;STIMMBEZIRK;Uetz-Paaren 01;8101;;;N;371;292;79;0;204;203;1;1;0;3;602;117;38;7;56;1;1;4;2;3;3;2;0;0;0;0;35;6;4;4;2;1;9;3;1;1;1;1;2;0;0;38;20;3;3;2;3;1;2;2;1;0;1;;;;74;11;16;6;1;7;6;5;2;2;4;3;4;1;6;33;3;1;1;4;12;0;3;0;3;3;0;1;1;1;217;118;99;;;18;1;4;1;3;0;0;3;3;0;0;3;0;0;0;15;15;;16;12;1;2;1;0;;;;19;6;5;1;7;;;;;20;9;5;3;3;;;;;;;
54;Potsdam, Stadt;5402;1205400000008201;STIMMBEZIRK;Marquardt 01;8201;;;N;991;829;162;0;572;571;1;1;0;13;1660;454;186;25;154;17;4;13;2;5;18;0;20;4;3;3;111;19;14;14;12;3;6;7;5;4;0;9;9;8;1;104;49;12;8;7;8;6;5;1;3;3;2;;;;216;40;18;30;5;53;13;13;8;7;11;9;4;2;3;129;25;13;9;14;14;2;9;0;3;21;6;1;5;7;385;198;187;;;54;15;11;5;3;1;2;1;4;6;1;0;1;0;4;47;47;;65;25;13;15;4;8;;;;55;20;17;9;9;;;;;40;6;3;23;8;;;;;;;
54;Potsdam, Stadt;5402;1205400000008301;STIMMBEZIRK;Satzkorn 01;8301;;;N;393;307;86;0;249;248;1;1;0;9;710;228;61;0;69;0;1;2;1;1;84;4;3;2;0;0;25;5;2;3;2;0;1;2;0;0;0;0;1;8;1;40;23;3;1;2;3;2;4;0;1;0;1;;;;86;32;12;3;3;14;3;9;3;1;2;1;1;2;0;79;14;1;1;4;42;1;5;2;1;2;0;0;1;5;156;74;82;;;26;11;3;3;0;1;0;2;0;1;0;0;0;0;5;11;11;;29;12;12;2;1;2;;;;28;15;5;4;4;;;;;2;2;0;0;0;;;;;;;
54;Potsdam, Stadt;5402;1205400000008404;STIMMBEZIRK;Fahrland 04;8404;;;N;1227;951;276;0;534;531;3;3;0;17;1539;256;96;16;67;10;7;12;5;5;12;3;13;2;1;7;125;30;14;17;13;0;5;18;1;5;0;7;5;9;1;128;78;6;4;2;10;19;3;0;3;1;2;;;;239;76;24;14;7;37;15;13;5;4;22;10;6;2;4;76;20;7;8;8;5;3;1;3;3;3;2;2;4;7;476;208;268;;;67;19;8;3;4;4;0;8;2;6;4;1;3;0;5;41;41;;78;49;15;6;4;4;;;;29;10;6;7;6;;;;;24;4;4;7;9;;;;;;;
54;Potsdam, Stadt;5402;1205400000009013;BRIEFWAHLBEZIRK;Potsdam Briefwahlbezirk 9013;9013;;;N;0;0;0;0;650;0;650;0;0;4;1837;483;230;36;111;22;7;16;7;15;4;9;15;4;1;6;221;54;42;22;21;5;17;15;0;5;2;8;12;14;4;135;42;21;11;12;6;14;11;1;7;4;6;;;;362;80;31;24;20;47;44;20;9;9;30;11;16;3;18;153;31;5;7;31;7;5;14;1;19;18;2;0;9;4;164;112;52;;;78;17;5;14;9;7;0;9;4;1;1;2;6;1;2;44;44;;72;48;9;6;3;6;;;;67;35;19;4;9;;;;;58;34;6;12;6;;;;;;;
54;Potsdam, Stadt;5402;1205400000009021;BRIEFWAHLBEZIRK;Potsdam Briefwahlbezirk 9021;9021;;;N;0;0;0;0;452;0;452;0;0;6;1319;217;120;8;41;9;3;6;3;6;3;3;7;3;2;3;119;32;8;10;8;4;2;27;1;7;1;10;4;5;0;116;78;5;3;4;6;14;1;1;2;1;1;;;;337;77;20;19;20;75;16;26;11;4;28;14;13;4;10;77;24;3;10;7;8;1;7;3;0;5;2;0;6;1;185;98;87;;;74;24;11;10;3;0;0;7;8;2;3;0;1;1;4;25;25;;81;37;10;23;3;8;;;;51;25;7;12;7;;;;;37;8;18;8;3;;;;;;;
54;Potsdam, Stadt;5403;1205400000001502;STIMMBEZIRK;Eiche 02;1502;;;N;776;590;186;0;332;332;0;0;0;8;971;175;37;55;21;4;23;3;9;4;1;7;2;0;4;5;95;23;18;13;10;3;1;10;2;2;3;5;1;4;0;114;20;34;5;14;14;1;2;1;6;3;0;2;12;;153;71;12;2;24;19;6;0;3;2;1;9;1;3;;94;24;6;8;4;5;13;4;2;3;8;4;2;8;3;139;91;48;;;38;12;2;4;5;5;1;0;0;2;4;0;1;1;1;18;14;4;16;11;2;3;;;;;;92;50;34;2;5;1;;;;10;4;3;3;;;27;20;7;;;
54;Potsdam, Stadt;5403;1205400000001504;STIMMBEZIRK;Eiche 04;1504;;;N;959;695;264;0;423;423;0;0;0;4;1252;268;34;121;26;2;31;4;9;8;1;11;9;0;7;5;227;45;43;12;17;10;5;40;13;9;3;12;5;9;4;118;18;35;3;11;23;3;1;3;6;2;1;2;10;;154;70;19;4;19;17;5;0;6;7;0;2;3;2;;106;38;6;12;6;6;10;4;4;3;2;4;4;6;1;116;78;38;;;38;7;11;7;1;3;1;4;0;0;1;0;0;1;2;29;26;3;17;12;2;3;;;;;;85;64;12;2;3;4;;;;12;8;2;2;;;82;42;40;;;
54;Potsdam, Stadt;5403;1205400000001701;STIMMBEZIRK;Golm 01;1701;;;N;856;638;218;0;453;452;1;1;0;5;1342;200;39;85;27;0;13;6;8;0;1;12;1;2;4;2;146;46;17;14;9;13;5;13;8;13;0;2;4;0;2;86;24;22;3;4;6;1;8;5;2;1;0;2;8;;301;147;11;5;59;14;13;0;9;27;1;3;4;8;;74;26;9;5;2;3;7;7;5;1;2;3;1;2;1;242;179;63;;;37;18;8;2;1;4;0;1;0;0;0;1;1;0;1;45;34;11;83;77;2;4;;;;;;81;47;23;6;3;2;;;;15;9;3;3;;;32;24;8;;;
54;Potsdam, Stadt;5403;1205400000003201;STIMMBEZIRK;Potsdam West 01;3201;;;N;1223;874;349;0;609;606;3;3;0;4;1806;262;96;67;30;1;11;16;8;4;2;4;4;3;16;0;310;98;63;22;19;18;9;28;6;11;5;14;2;11;4;259;67;90;11;15;16;4;8;8;18;7;3;3;9;;171;99;18;6;8;3;5;5;8;3;3;5;1;7;;387;74;33;45;35;23;26;12;37;12;18;13;11;19;29;135;101;34;;;34;11;8;2;3;5;1;2;1;0;0;1;0;0;0;76;52;24;20;10;2;8;;;;;;45;33;4;0;4;4;;;;5;3;0;2;;;102;66;36;;;
54;Potsdam, Stadt;5403;1205400000003203;STIMMBEZIRK;Potsdam West 03;3203;;;N;1336;854;482;0;594;582;12;12;0;5;1765;314;97;92;36;9;18;13;5;10;5;8;3;5;10;3;342;92;55;22;41;33;10;29;5;15;4;11;7;11;7;194;49;73;12;8;14;5;6;4;4;3;3;6;7;;214;99;28;6;21;14;9;2;12;11;2;3;1;6;;233;51;17;27;11;10;30;9;21;5;2;11;8;10;21;187;124;63;;;51;9;12;5;2;3;2;2;2;2;1;0;4;4;3;52;42;10;29;15;7;7;;;;;;67;35;7;9;7;9;;;;17;10;3;4;;;65;41;24;;;
54;Potsdam, Stadt;5403;1205400000003205;STIMMBEZIRK;Potsdam West 05;3205;;;N;1314;960;354;0;734;721;13;13;0;8;2178;518;222;95;81;10;24;21;20;5;4;1;5;3;17;10;356;110;65;25;31;29;10;33;2;13;6;12;15;4;1;203;39;80;5;12;12;5;1;10;7;1;0;21;10;;235;127;32;13;13;11;11;2;2;5;1;1;4;13;;279;57;22;33;24;8;17;16;50;7;6;12;8;10;9;259;194;65;;;69;20;13;4;6;7;1;1;0;1;1;5;4;1;5;72;56;16;33;20;9;4;;;;;;76;41;16;3;11;5;;;;15;10;2;3;;;63;37;26;;;
54;Potsdam, Stadt;5403;1205400000009025;BRIEFWAHLBEZIRK;Potsdam Briefwahlbezirk 9025;9025;;;N;0;0;0;0;522;0;522;0;0;5;1550;323;49;79;55;6;49;14;18;7;6;9;4;8;17;2;299;57;39;18;46;38;2;28;11;11;6;15;12;13;3;152;23;46;13;14;17;0;11;7;4;4;4;4;5;;196;75;19;11;31;29;4;0;7;5;1;7;1;6;;112;25;8;26;7;0;16;7;6;2;0;8;0;6;1;87;62;25;;;61;21;19;6;2;5;3;0;0;0;2;0;1;1;1;37;29;8;33;15;2;16;;;;;;173;95;71;2;1;4;;;;14;9;3;2;;;63;32;31;;;
54;Potsdam, Stadt;5403;1205400000009026;BRIEFWAHLBEZIRK;Potsdam Briefwahlbezirk 9026;9026;;;N;0;0;0;0;610;0;610;0;0;2;1823;265;46;70;39;8;21;9;21;10;4;13;6;3;11;4;347;95;61;15;30;34;3;37;6;25;5;11;9;10;6;151;20;53;3;11;11;0;4;13;7;6;1;6;16;;384;146;30;6;56;18;59;11;7;32;8;1;0;10;;140;41;9;13;7;8;17;4;6;6;3;13;1;7;5;155;110;45;;;64;11;23;5;3;8;1;1;0;3;1;0;1;4;3;48;37;11;104;85;4;15;;;;;;85;40;34;1;7;3;;;;25;6;1;18;;;55;33;22;;;
54;Potsdam, Stadt;5403;1205400000009027;BRIEFWAHLBEZIRK;Potsdam Briefwahlbezirk 9027;9027;;;N;0;0;0;0;562;0;562;0;0;4;1670;347;101;93;59;0;17;13;8;8;4;12;1;5;22;4;317;74;50;12;45;34;8;28;4;13;14;8;8;16;3;170;35;67;4;3;4;4;0;15;15;8;5;4;6;;193;64;25;4;35;13;9;0;8;10;2;6;4;13;;245;47;21;25;12;29;23;15;17;6;11;20;5;10;4;110;77;33;;;57;14;9;1;2;8;0;7;1;1;1;0;2;5;6;31;22;9;40;23;6;11;;;;;;68;46;8;4;6;4;;;;19;9;6;4;;;73;51;22;;;
54;Potsdam, Stadt;5403;1205400000009028;BRIEFWAHLBEZIRK;Potsdam Briefwahlbezirk 9028;9028;;;N;0;0;0;0;550;0;550;0;0;6;1628;357;101;109;39;3;25;20;7;3;9;12;2;8;12;7;325;79;74;23;24;31;7;29;3;14;2;15;11;9;4;140;21;57;8;8;6;0;5;6;8;10;1;3;7;;172;80;19;4;18;9;8;1;8;4;4;3;4;10;;309;38;26;35;44;11;37;18;22;10;12;14;3;26;13;97;63;34;;;37;10;5;3;0;1;2;1;0;5;2;0;3;0;5;37;23;14;21;11;4;6;;;;;;83;41;9;15;10;8;;;;12;6;3;3;;;38;23;15;;;
54;Potsdam, Stadt;5403;1205400000009030;BRIEFWAHLBEZIRK;Potsdam Briefwahlbezirk 9030;9030;;;N;0;0;0;0;555;0;555;0;0;2;1655;401;101;95;61;8;33;25;13;3;6;4;6;23;19;4;290;71;58;29;37;24;6;19;3;15;3;6;3;13;3;199;26;82;10;13;8;2;17;12;9;5;2;8;5;;149;70;27;8;12;6;4;0;4;5;0;5;1;7;;313;58;21;40;39;16;31;19;30;9;10;15;15;3;7;115;83;32;;;26;4;4;2;1;8;2;0;0;1;1;0;1;2;0;33;23;10;25;17;4;4;;;;;;64;44;11;0;5;4;;;;10;6;2;2;;;30;19;11;;;
54;Potsdam, Stadt;5403;1205400000009031;BRIEFWAHLBEZIRK;Potsdam Briefwahlbezirk 9031;9031;;;N;0;0;0;0;559;0;559;0;0;6;1658;316;94;55;76;8;19;18;5;6;1;5;3;15;9;2;289;69;60;12;31;33;6;18;4;18;3;5;17;11;2;254;50;90;21;10;7;1;7;9;32;3;6;4;14;;199;82;26;5;28;14;5;0;10;7;1;8;6;7;;239;39;8;44;19;8;34;13;22;9;2;21;2;8;10;107;64;43;;;33;8;11;1;1;0;0;0;1;0;1;0;3;0;7;51;42;9;22;10;3;9;;;;;;86;55;12;8;5;6;;;;13;7;5;1;;;49;30;19;;;
54;Potsdam, Stadt;5403;1205400000009032;BRIEFWAHLBEZIRK;Potsdam Briefwahlbezirk 9032;9032;;;N;0;0;0;0;446;0;446;0;0;2;1328;302;98;70;39;2;21;19;5;6;2;2;6;3;25;4;259;58;40;12;14;46;4;24;6;10;4;12;7;20;2;117;16;67;3;8;4;1;3;4;4;1;0;3;3;;197;82;14;6;30;17;6;1;6;14;1;4;6;10;;144;36;16;16;14;1;17;5;6;5;6;6;4;6;6;61;39;22;;;73;18;7;1;2;10;2;3;0;14;1;1;1;8;5;27;22;5;30;19;7;4;;;;;;47;23;9;7;7;1;;;;21;14;4;3;;;50;35;15;;;
54;Potsdam, Stadt;5403;1205400000009034;BRIEFWAHLBEZIRK;Potsdam Briefwahlbezirk 9034;9034;;;N;0;0;0;0;327;0;327;0;0;12;932;192;41;36;36;5;14;15;3;8;5;8;4;5;9;3;188;47;28;7;26;26;5;17;4;12;1;5;3;5;2;54;5;15;7;10;1;0;4;4;5;1;1;0;1;;190;92;23;5;22;28;1;1;0;5;5;4;1;3;;74;7;8;11;0;5;9;1;3;3;3;6;14;3;1;67;43;24;;;45;9;7;10;2;1;0;1;3;1;1;1;0;7;2;10;4;6;21;11;3;7;;;;;;45;24;7;2;4;8;;;;27;15;10;2;;;19;12;7;;;
54;Potsdam, Stadt;5404;1205400000004303;STIMMBEZIRK;Zentrum Ost und Nuthepark 03;4303;;;N;1372;1082;290;0;603;602;1;1;0;17;1738;452;185;73;31;16;26;38;11;15;7;7;12;18;6;7;193;70;33;11;17;5;8;6;4;12;5;0;14;8;0;137;38;31;25;8;10;8;6;5;2;4;;;;;160;37;38;27;8;9;14;5;7;15;;;;;;202;42;32;14;14;20;9;4;5;7;1;10;6;27;11;262;130;73;59;;76;28;11;0;2;1;6;4;1;1;3;0;0;0;19;64;64;;38;23;11;4;;;;;;66;37;6;15;4;4;;;;26;13;6;3;2;2;62;62;;;;
54;Potsdam, Stadt;5404;1205400000005201;STIMMBEZIRK;Klein Glienicke  Babelsberg Nord 01;5201;;;N;1022;734;288;0;531;528;3;3;0;5;1570;306;100;88;21;18;12;16;1;4;9;8;8;10;3;8;339;177;39;19;17;19;3;9;5;14;6;5;6;16;4;87;27;20;15;4;6;2;10;1;0;2;;;;;238;100;61;27;5;13;10;3;6;13;;;;;;155;32;35;8;34;7;6;9;7;1;3;6;2;3;2;113;47;24;42;;122;40;20;8;13;1;5;1;0;0;0;0;2;0;32;31;31;;23;6;17;0;;;;;;66;43;10;8;1;4;;;;22;15;3;3;0;1;68;68;;;;
54;Potsdam, Stadt;5404;1205400000005203;STIMMBEZIRK;Babelsberg Nord 03;5203;;;N;1288;858;430;0;645;642;3;3;0;6;1910;280;94;72;24;10;12;32;2;4;14;2;5;4;3;2;366;188;43;18;20;13;19;15;6;13;7;9;9;3;3;127;49;38;8;8;5;1;3;8;1;6;;;;;315;114;115;23;11;9;12;3;4;24;;;;;;241;69;77;17;22;6;20;3;3;8;3;4;4;2;3;179;72;40;67;;138;44;47;4;3;1;4;1;1;2;0;2;9;0;20;45;45;;58;14;42;2;;;;;;74;45;15;8;1;5;;;;36;21;9;4;0;2;51;51;;;;
54;Potsdam, Stadt;5404;1205400000005208;STIMMBEZIRK;Babelsberg Nord 08;5208;;;N;1182;886;296;0;711;711;0;0;0;11;2099;325;91;95;18;19;8;22;5;10;8;5;19;7;9;9;438;151;56;31;38;25;26;12;25;24;9;17;20;2;2;157;53;37;10;3;15;4;6;12;2;15;;;;;301;105;92;26;8;14;20;6;2;28;;;;;;334;70;117;17;32;8;16;7;13;17;3;10;3;11;10;188;84;50;54;;82;33;4;1;2;3;3;1;4;1;0;0;1;1;28;52;52;;45;20;21;4;;;;;;62;35;7;4;6;10;;;;52;33;7;9;1;2;63;63;;;;
54;Potsdam, Stadt;5404;1205400000005308;STIMMBEZIRK;Babelsberg Süd 08;5308;;;N;1257;936;321;0;735;731;4;4;0;13;2164;407;139;75;43;15;39;20;6;17;19;11;7;11;1;4;498;194;55;26;35;29;23;23;29;32;12;13;10;13;4;153;40;45;15;7;18;9;6;5;3;5;;;;;212;86;50;19;13;10;12;4;4;14;;;;;;400;94;129;35;37;13;33;8;4;11;1;5;5;15;10;181;84;46;51;;84;30;7;4;4;3;7;1;1;1;4;4;1;1;16;41;41;;28;13;11;4;;;;;;49;30;9;6;1;3;;;;30;15;8;3;2;2;81;81;;;;
54;Potsdam, Stadt;5404;1205400000005309;STIMMBEZIRK;Babelsberg Süd 09;5309;;;N;811;598;213;0;432;429;3;3;0;3;1285;264;119;43;13;9;18;19;5;6;8;5;6;4;5;4;263;88;33;16;13;17;20;13;10;20;6;8;14;4;1;119;32;51;9;2;4;5;8;2;2;4;;;;;131;32;56;12;4;5;7;0;6;9;;;;;;168;33;53;7;9;10;12;1;0;4;0;7;15;15;2;132;59;33;40;;57;22;8;4;3;2;2;0;2;0;0;0;3;3;8;36;36;;19;10;7;2;;;;;;23;5;5;3;7;3;;;;11;6;2;1;1;1;62;62;;;;
54;Potsdam, Stadt;5404;1205400000009036;BRIEFWAHLBEZIRK;Potsdam Briefwahlbezirk 9036;9036;;;N;0;0;0;0;473;0;473;0;0;4;1393;340;93;49;28;22;24;57;5;6;14;10;12;11;1;8;196;52;20;11;17;15;15;6;7;28;2;8;7;4;4;187;45;37;22;10;10;9;9;25;3;17;;;;;165;43;44;16;8;11;17;1;0;25;;;;;;150;32;39;5;5;18;8;8;2;7;5;3;8;7;3;133;48;19;66;;58;9;15;9;0;0;7;3;2;1;0;0;3;2;7;17;17;;23;9;12;2;;;;;;68;31;4;20;9;4;;;;17;13;0;2;0;2;39;39;;;;
54;Potsdam, Stadt;5405;1205400000006301;STIMMBEZIRK;Schlaatz 01;6301;;;N;908;760;148;0;380;378;2;2;0;15;1082;216;56;48;23;11;28;3;5;3;9;13;6;9;2;0;77;21;8;11;12;2;3;1;2;4;1;7;3;1;1;160;61;24;9;10;19;2;11;5;1;0;6;12;;;126;42;21;17;15;1;4;12;4;0;10;;;;;80;22;10;9;3;13;4;0;3;1;3;8;0;0;4;280;116;47;46;71;14;5;0;4;0;2;0;1;0;1;0;0;0;1;0;42;42;;34;11;14;9;;;;;;51;17;6;8;11;9;;;;2;2;;;;;;;;;;
54;Potsdam, Stadt;5405;1205400000006303;STIMMBEZIRK;Schlaatz 03;6303;;;N;1045;896;149;0;406;404;2;2;0;14;1158;235;65;35;21;15;27;15;3;4;16;11;2;13;7;1;93;27;3;14;12;4;5;2;4;6;3;5;5;0;3;132;37;28;5;6;8;3;15;8;5;1;2;14;;;129;42;31;15;13;11;4;5;1;0;7;;;;;81;24;9;9;3;12;2;1;3;1;7;3;1;0;6;334;188;50;41;55;21;0;4;5;4;2;0;0;1;0;0;2;0;1;2;42;42;;33;12;15;6;;;;;;50;23;7;6;8;6;;;;8;8;;;;;;;;;;
54;Potsdam, Stadt;5405;1205400000006402;STIMMBEZIRK;Waldstadt I und Industriegelände 02;6402;;;N;995;821;174;0;421;419;2;2;0;9;1221;223;89;46;12;12;5;17;6;1;14;8;5;4;2;2;90;19;12;18;5;4;6;2;9;6;0;2;1;4;2;134;44;27;10;6;10;1;5;7;7;2;6;9;;;188;55;44;19;20;6;4;21;1;2;16;;;;;81;22;3;10;7;12;3;2;3;1;1;6;3;0;8;328;163;56;39;70;30;2;3;10;6;0;0;2;0;1;1;2;0;0;3;48;48;;30;11;12;7;;;;;;57;15;8;11;12;11;;;;12;12;;;;;;;;;;
54;Potsdam, Stadt;5405;1205400000006403;STIMMBEZIRK;Waldstadt I und Industriegelände 03;6403;;;N;1060;840;220;0;506;506;0;0;0;15;1456;317;95;87;23;18;6;17;6;4;21;9;8;11;3;9;89;19;8;9;14;6;3;10;2;2;2;5;3;2;4;183;51;41;14;9;12;4;10;7;2;14;8;11;;;215;61;59;24;19;5;10;13;6;2;16;;;;;88;16;9;0;5;25;3;2;4;0;3;6;2;2;11;348;176;53;37;82;30;4;7;3;2;3;0;1;1;2;2;1;1;0;3;36;36;;57;26;22;9;;;;;;92;25;10;11;19;27;;;;1;1;;;;;;;;;;
54;Potsdam, Stadt;5405;1205400000006503;STIMMBEZIRK;Waldstadt II 03;6503;;;N;1129;907;222;0;470;468;2;2;0;12;1350;189;56;35;13;14;3;17;6;6;17;8;5;4;2;3;87;29;7;12;6;4;1;1;3;6;3;7;2;1;5;148;38;21;10;11;18;1;18;5;10;4;2;10;;;179;49;45;20;11;3;15;12;5;5;14;;;;;88;24;9;1;6;17;2;6;2;1;5;2;1;4;8;412;195;85;57;75;34;5;7;6;3;2;0;1;0;0;3;1;0;4;2;61;61;;28;12;12;4;;;;;;119;47;12;17;18;25;;;;5;5;;;;;;;;;;
54;Potsdam, Stadt;5405;1205400000006504;STIMMBEZIRK;Waldstadt II 04;6504;;;N;1158;961;197;0;445;445;0;0;0;11;1285;263;96;51;19;16;13;9;5;3;15;11;7;10;6;2;131;31;8;19;14;3;10;2;2;13;1;12;5;3;8;168;47;31;7;6;17;5;12;9;10;4;6;14;;;123;44;28;17;9;1;2;10;0;1;11;;;;;64;18;7;2;3;12;0;1;5;2;8;2;1;0;3;297;166;48;35;48;27;3;6;1;2;7;0;1;2;0;1;0;0;4;0;66;66;;26;5;19;2;;;;;;111;63;5;20;9;14;;;;9;9;;;;;;;;;;
54;Potsdam, Stadt;5405;1205400000009045;BRIEFWAHLBEZIRK;Potsdam Briefwahlbezirk 9045;9045;;;N;0;0;0;0;281;0;281;0;0;2;835;141;43;21;5;10;8;5;5;5;10;0;14;8;4;3;178;39;21;25;9;11;3;11;11;24;1;7;6;4;6;75;31;7;2;2;8;1;8;4;3;1;0;8;;;116;33;17;17;12;0;1;24;0;2;10;;;;;140;22;8;5;4;20;2;2;6;6;6;10;15;10;24;72;34;13;4;21;38;6;5;12;1;4;1;3;2;2;0;1;0;0;1;26;26;;21;6;11;4;;;;;;18;7;0;2;6;3;;;;10;10;;;;;;;;;;
54;Potsdam, Stadt;5405;1205400000009048;BRIEFWAHLBEZIRK;Potsdam Briefwahlbezirk 9048;9048;;;N;0;0;0;0;396;0;396;0;0;2;1178;217;44;33;15;22;28;8;8;5;12;6;18;13;4;1;167;42;17;26;20;14;5;1;9;6;1;15;6;1;4;177;52;32;16;5;11;6;12;10;11;1;2;19;;;130;32;17;33;16;3;2;12;3;2;10;;;;;121;28;11;1;1;25;5;6;9;5;7;6;4;1;12;194;74;36;35;49;17;3;3;5;2;0;0;1;0;0;1;1;0;1;0;39;39;;37;9;19;9;;;;;;64;12;10;13;15;14;;;;15;15;;;;;;;;;;
54;Potsdam, Stadt;5406;1205400000007103;STIMMBEZIRK;Stern 03;7103;;;N;1130;907;223;0;553;553;0;0;0;9;1610;314;180;21;15;11;13;24;11;9;6;5;7;12;;;106;25;31;4;1;8;7;8;4;0;1;4;12;1;;148;52;40;14;15;9;8;6;1;3;;;;;;225;103;37;59;8;18;;;;;;;;;;75;13;12;10;9;1;2;12;1;5;1;6;2;1;0;324;136;126;33;29;54;20;6;3;4;1;2;3;3;0;0;0;3;4;5;34;34;;36;25;11;;;;;;;294;256;7;1;6;6;6;12;0;;;;;;;;;;;;
54;Potsdam, Stadt;5406;1205400000007108;STIMMBEZIRK;Stern 08;7108;;;N;793;665;128;0;322;318;4;4;0;10;930;183;94;11;10;12;2;16;9;2;6;6;7;8;;;60;18;15;2;1;1;5;7;2;1;0;1;7;0;;49;12;16;6;5;4;0;1;4;1;;;;;;95;47;19;14;4;11;;;;;;;;;;31;6;4;6;3;1;1;1;0;1;0;6;0;1;1;267;130;92;22;23;17;6;3;1;1;0;1;1;0;0;0;0;0;1;3;27;27;;18;14;4;;;;;;;183;146;6;5;11;2;10;1;2;;;;;;;;;;;;
54;Potsdam, Stadt;5406;1205400000007110;STIMMBEZIRK;Stern 10;7110;;;N;888;759;129;0;325;324;1;1;0;12;926;149;92;12;5;6;5;6;0;7;2;2;9;3;;;30;5;5;2;0;2;4;4;3;0;1;3;1;0;;94;28;27;13;4;2;5;10;3;2;;;;;;99;54;14;18;5;8;;;;;;;;;;58;10;8;7;9;0;5;3;0;8;6;0;0;2;0;239;109;70;44;16;40;10;5;3;4;1;3;1;7;0;3;0;2;0;1;46;46;;32;22;10;;;;;;;139;99;11;4;6;7;9;0;3;;;;;;;;;;;;
54;Potsdam, Stadt;5406;1205400000007112;STIMMBEZIRK;Stern 12;7112;;;N;940;783;157;0;324;324;0;0;0;10;932;189;106;14;3;13;8;12;9;4;5;3;7;5;;;39;7;5;2;0;8;3;5;2;1;0;1;3;2;;87;26;24;7;10;6;3;6;4;1;;;;;;125;52;21;29;10;13;;;;;;;;;;57;9;9;8;7;0;4;2;4;3;0;4;4;1;2;261;86;87;35;53;29;14;3;0;5;0;1;2;0;0;0;0;1;0;3;31;31;;17;11;6;;;;;;;97;77;7;2;5;1;3;1;1;;;;;;;;;;;;
54;Potsdam, Stadt;5406;1205400000007202;STIMMBEZIRK;Drewitz 02;7202;;;N;1150;987;163;0;465;461;4;4;0;17;1336;273;141;38;32;15;0;13;5;4;1;5;14;5;;;97;16;21;9;1;6;9;9;4;0;1;7;11;3;;135;39;36;7;25;10;4;6;3;5;;;;;;188;69;28;44;14;33;;;;;;;;;;87;34;5;10;6;5;1;8;0;5;3;4;2;2;2;277;109;105;29;34;26;10;0;0;2;3;2;1;4;1;0;0;1;1;1;66;66;;42;35;7;;;;;;;145;97;15;11;9;3;5;5;0;;;;;;;;;;;;
54;Potsdam, Stadt;5406;1205400000007301;STIMMBEZIRK;Kirchsteigfeld 01;7301;;;N;1014;799;215;0;453;449;4;4;0;16;1293;252;149;20;13;21;9;8;11;7;3;4;7;0;;;91;28;15;8;2;4;3;11;2;1;1;3;13;0;;94;39;37;6;1;1;0;3;3;4;;;;;;168;75;36;38;8;11;;;;;;;;;;60;8;10;9;4;1;2;9;2;4;2;4;4;1;0;293;123;94;41;35;75;24;24;4;5;2;2;0;3;1;5;0;0;2;3;50;50;;47;30;17;;;;;;;163;104;16;20;10;6;3;1;3;;;;;;;;;;;;
54;Potsdam, Stadt;5406;1205400000009055;BRIEFWAHLBEZIRK;Potsdam Briefwahlbezirk 9055;9055;;;N;0;0;0;0;452;0;452;0;0;2;1341;254;119;19;6;19;11;28;5;20;2;3;12;10;;;162;31;49;7;11;11;2;24;6;0;0;7;14;0;;91;38;27;7;12;3;0;0;1;3;;;;;;181;68;34;61;6;12;;;;;;;;;;88;25;7;10;10;3;1;9;3;10;0;2;3;1;4;136;51;60;13;12;67;30;6;4;6;5;5;0;1;1;2;1;0;0;6;37;37;;26;22;4;;;;;;;299;242;17;10;4;2;16;6;2;;;;;;;;;;;;
54;Potsdam, Stadt;5406;1205400000009060;BRIEFWAHLBEZIRK;Potsdam Briefwahlbezirk 9060;9060;;;N;0;0;0;0;364;0;364;0;0;4;1079;208;125;22;9;16;7;9;2;2;1;5;6;4;;;77;23;22;0;3;4;1;4;5;1;1;6;7;0;;88;38;17;6;5;13;2;3;0;4;;;;;;191;53;29;74;18;17;;;;;;;;;;63;16;7;12;2;3;5;4;4;2;0;3;3;1;1;187;79;69;24;15;46;13;6;7;4;4;7;2;0;1;1;0;0;1;0;38;38;;43;21;22;;;;;;;138;103;6;17;3;2;5;2;0;;;;;;;;;;;;
54;Potsdam, Stadt;5406;1205400000009061;BRIEFWAHLBEZIRK;Potsdam Briefwahlbezirk 9061;9061;;;N;0;0;0;0;365;0;365;0;0;9;1067;190;83;30;11;12;4;10;3;7;1;4;21;4;;;92;28;18;3;4;2;4;6;3;1;2;5;15;1;;125;41;42;9;11;15;2;3;2;0;;;;;;119;50;15;28;10;16;;;;;;;;;;67;12;11;11;2;0;8;8;0;3;5;3;2;1;1;179;67;69;11;32;30;7;3;0;2;2;5;0;4;0;3;0;0;2;2;42;42;;46;32;14;;;;;;;177;147;5;5;7;1;4;7;1;;;;;;;;;;;;
